article_length,num_sentences,avg_word_length,unique_entries,num_relations,relation_density,relation_density_per_sentence,precision,recall,f1,support
922,7,5.1328671328671325,5,7,0.007592190889370932,1.0,0.25,0.125,0.16666666666666666,8.0
802,6,5.2682926829268295,13,17,0.02119700748129676,2.8333333333333335,0.12280701754385963,0.05263157894736842,0.0736842105263158,19.0
1423,11,5.32093023255814,9,11,0.007730147575544624,1.0,0.1111111111111111,0.16666666666666666,0.13333333333333333,12.0
808,8,4.7984496124031,6,6,0.007425742574257425,0.75,0.0,0.0,0.0,6.0
1524,14,4.807228915662651,14,21,0.013779527559055118,1.5,0.0,0.0,0.0,23.0
876,5,4.543046357615894,10,19,0.021689497716894976,3.8,0.022727272727272728,0.045454545454545456,0.0303030303030303,22.0
697,8,4.641025641025641,8,23,0.03299856527977044,2.875,0.0,0.0,0.0,25.0
1116,10,4.505154639175258,9,15,0.013440860215053764,1.5,0.21875,0.0625,0.09722222222222221,16.0
921,10,5.096551724137931,7,16,0.01737242128121607,1.6,0.05263157894736842,0.05263157894736842,0.05263157894736842,19.0
1137,8,5.011111111111111,12,14,0.012313104661389622,1.75,0.0,0.0,0.0,15.0
751,7,4.182481751824818,10,9,0.011984021304926764,1.2857142857142858,0.0,0.0,0.0,13.0
1086,11,4.931818181818182,8,17,0.01565377532228361,1.5454545454545454,0.12962962962962962,0.05555555555555555,0.07777777777777778,18.0
699,9,4.3983739837398375,13,20,0.02861230329041488,2.2222222222222223,0.07954545454545454,0.045454545454545456,0.05785123966942149,22.0
722,4,5.2110091743119265,4,3,0.004155124653739612,0.75,0.0,0.0,0.0,5.0
975,4,5.544827586206897,7,14,0.014358974358974359,3.5,0.0,0.0,0.0,16.0
1079,14,4.881656804733728,17,29,0.026876737720111215,2.0714285714285716,0.13333333333333333,0.03333333333333333,0.05333333333333334,30.0
947,8,5.121621621621622,7,7,0.007391763463569166,0.875,0.0,0.0,0.0,10.0
736,5,4.768595041322314,7,11,0.014945652173913044,2.2,0.0,0.0,0.0,12.0
707,4,4.982142857142857,5,5,0.007072135785007072,1.25,0.0,0.0,0.0,6.0
795,8,5.0,13,41,0.05157232704402516,5.125,0.43902439024390244,0.024390243902439025,0.04621309370988447,41.0
1813,10,5.185964912280702,10,9,0.004964147821290678,0.9,0.0,0.0,0.0,11.0
1296,8,4.54054054054054,14,15,0.011574074074074073,1.875,0.0,0.0,0.0,20.0
739,5,4.745901639344262,8,14,0.018944519621109608,2.8,0.42857142857142855,0.07142857142857142,0.12244897959183673,14.0
685,5,4.601694915254237,8,8,0.01167883211678832,1.6,0.0,0.0,0.0,13.0
773,5,4.991803278688525,9,14,0.018111254851228976,2.8,0.1875,0.1875,0.1875,16.0
931,7,5.104895104895105,13,23,0.024704618689581095,3.2857142857142856,0.0,0.0,0.0,25.0
768,7,5.228813559322034,8,15,0.01953125,2.142857142857143,0.0,0.0,0.0,16.0
1144,9,4.842391304347826,9,8,0.006993006993006993,0.8888888888888888,0.0,0.0,0.0,11.0
810,7,5.118110236220472,16,17,0.020987654320987655,2.4285714285714284,0.3333333333333333,0.05555555555555555,0.09523809523809523,18.0
1212,10,4.4454976303317535,8,6,0.0049504950495049506,0.6,0.0,0.0,0.0,7.0
802,9,4.968253968253968,5,4,0.004987531172069825,0.4444444444444444,0.0,0.0,0.0,8.0
943,8,4.740259740259741,11,18,0.019088016967126194,2.25,0.05555555555555555,0.05555555555555555,0.05555555555555555,18.0
751,8,4.222222222222222,6,7,0.009320905459387484,0.875,0.0,0.0,0.0,10.0
793,5,4.437037037037037,10,18,0.02269861286254729,3.6,0.0,0.0,0.0,21.0
933,7,4.798701298701299,6,12,0.012861736334405145,1.7142857142857142,0.2564102564102564,0.15384615384615385,0.19230769230769232,13.0
1041,12,4.812865497076023,6,9,0.008645533141210375,0.75,0.0606060606060606,0.09090909090909091,0.07272727272727274,11.0
2219,18,4.581578947368421,12,12,0.005407841369986481,0.6666666666666666,0.0,0.0,0.0,14.0
858,5,4.657534246575342,8,12,0.013986013986013986,2.4,0.5,0.08333333333333333,0.14285714285714285,12.0
880,9,4.644295302013423,11,17,0.019318181818181818,1.8888888888888888,0.0,0.0,0.0,17.0
1397,8,5.428571428571429,2,1,0.0007158196134574087,0.125,0.0,0.0,0.0,2.0
1188,9,5.283333333333333,9,13,0.010942760942760943,1.4444444444444444,0.23999999999999996,0.2,0.21818181818181817,15.0
1903,10,4.8737541528239205,14,20,0.010509721492380452,2.0,0.0,0.0,0.0,27.0
1199,9,4.989583333333333,14,23,0.019182652210175146,2.5555555555555554,0.5217391304347826,0.08695652173913043,0.14906832298136646,23.0
634,5,4.481132075471698,19,19,0.02996845425867508,3.8,0.0,0.0,0.0,21.0
1391,11,5.013888888888889,9,8,0.005751258087706686,0.7272727272727273,0.0,0.0,0.0,9.0
1250,10,4.666666666666667,9,14,0.0112,1.4,0.0,0.0,0.0,16.0
1259,7,5.396825396825397,5,3,0.0023828435266084196,0.42857142857142855,0.0,0.0,0.0,5.0
1311,10,5.073891625615763,4,4,0.0030511060259344014,0.4,0.0,0.0,0.0,5.0
1013,7,4.637426900584796,11,21,0.02073050345508391,3.0,0.0,0.0,0.0,22.0
1420,9,5.085201793721973,9,7,0.004929577464788733,0.7777777777777778,0.0,0.0,0.0,10.0
1180,5,5.363636363636363,4,5,0.00423728813559322,1.0,0.0,0.0,0.0,8.0
1047,7,5.0625,11,13,0.012416427889207259,1.8571428571428572,0.0,0.0,0.0,17.0
696,3,5.074766355140187,7,9,0.01293103448275862,3.0,0.0,0.0,0.0,12.0
2377,15,5.060686015831134,6,13,0.005469078670593185,0.8666666666666667,0.0,0.0,0.0,14.0
827,8,4.513888888888889,6,6,0.007255139056831923,0.75,0.21428571428571427,0.14285714285714285,0.17142857142857146,7.0
867,9,4.851063829787234,12,18,0.020761245674740483,2.0,0.0,0.0,0.0,19.0
1141,7,5.146067415730337,11,20,0.017528483786152498,2.857142857142857,0.3333333333333333,0.1,0.15384615384615385,20.0
913,10,4.918367346938775,17,31,0.033953997809419496,3.1,0.5161290322580645,0.06451612903225806,0.11469534050179211,31.0
1031,8,4.898809523809524,7,6,0.005819592628516004,0.75,0.21428571428571427,0.14285714285714285,0.17142857142857146,7.0
1137,9,4.793478260869565,14,17,0.014951627088830254,1.8888888888888888,0.0125,0.05,0.02,20.0
1053,6,4.708571428571428,9,8,0.007597340930674264,1.3333333333333333,0.0,0.0,0.0,11.0
1098,11,5.320987654320987,17,17,0.015482695810564663,1.5454545454545454,0.5925925925925926,0.1111111111111111,0.1871345029239766,18.0
778,6,4.445255474452555,7,13,0.016709511568123392,2.1666666666666665,0.0,0.0,0.0,14.0
1503,11,4.9875,7,8,0.0053226879574184965,0.7272727272727273,0.75,0.125,0.21428571428571427,8.0
2037,12,5.0186335403726705,15,26,0.012763868433971527,2.1666666666666665,0.0,0.0,0.0,28.0
893,8,5.182481751824818,6,8,0.008958566629339306,1.0,0.0,0.0,0.0,9.0
987,9,5.548611111111111,11,19,0.019250253292806486,2.111111111111111,0.3684210526315789,0.05263157894736842,0.09210526315789473,19.0
1066,8,4.653846153846154,16,25,0.02345215759849906,3.125,0.0,0.0,0.0,27.0
1884,17,4.823529411764706,5,5,0.002653927813163482,0.29411764705882354,0.0,0.0,0.0,8.0
906,7,4.655629139072848,9,12,0.013245033112582781,1.7142857142857142,0.0,0.0,0.0,15.0
1026,9,4.579545454545454,17,15,0.014619883040935672,1.6666666666666667,0.025,0.05,0.03333333333333333,20.0
2759,20,5.054919908466819,10,13,0.004711852120333454,0.65,0.0,0.0,0.0,16.0
1179,9,5.5266272189349115,8,12,0.010178117048346057,1.3333333333333333,0.0,0.0,0.0,16.0
1959,13,5.287162162162162,10,8,0.00408371618172537,0.6153846153846154,0.0,0.0,0.0,11.0
1023,5,4.938650306748467,7,6,0.005865102639296188,1.2,0.0,0.0,0.0,9.0
1896,12,4.851132686084142,8,9,0.004746835443037975,0.75,0.0,0.0,0.0,10.0
858,10,4.56551724137931,17,25,0.029137529137529136,2.5,0.12,0.04,0.06,25.0
764,9,4.724409448818897,5,6,0.007853403141361256,0.6666666666666666,0.0,0.0,0.0,9.0
1371,11,4.86936936936937,2,1,0.0007293946024799417,0.09090909090909091,0.0,0.0,0.0,2.0
861,6,4.533783783783784,7,6,0.006968641114982578,1.0,0.0,0.0,0.0,8.0
766,10,4.950819672131147,15,22,0.028720626631853787,2.2,0.0,0.0,0.0,25.0
764,5,4.7899159663865545,12,15,0.01963350785340314,3.0,0.0,0.0,0.0,15.0
772,7,4.834645669291339,6,5,0.006476683937823834,0.7142857142857143,0.0,0.0,0.0,10.0
936,9,5.687022900763359,18,29,0.030982905982905984,3.2222222222222223,0.0,0.0,0.0,31.0
951,8,4.771241830065359,11,13,0.013669821240799159,1.625,0.2857142857142857,0.07142857142857142,0.1142857142857143,14.0
1376,9,4.896860986547085,15,15,0.010901162790697675,1.6666666666666667,0.0,0.0,0.0,17.0
915,5,5.191489361702128,6,6,0.006557377049180328,1.2,0.0,0.0,0.0,8.0
1808,12,5.143356643356643,5,5,0.0027654867256637168,0.4166666666666667,0.0,0.0,0.0,9.0
900,4,4.958041958041958,7,7,0.0077777777777777776,1.75,0.0,0.0,0.0,8.0
1925,19,5.3517241379310345,14,17,0.008831168831168832,0.8947368421052632,0.0,0.0,0.0,21.0
688,7,4.5966386554621845,6,5,0.007267441860465116,0.7142857142857143,0.0,0.0,0.0,6.0
875,10,4.612244897959184,7,7,0.008,0.7,0.0,0.0,0.0,8.0
1791,9,5.380769230769231,14,24,0.01340033500837521,2.6666666666666665,0.0,0.0,0.0,26.0
688,5,4.792792792792793,7,10,0.014534883720930232,2.0,0.0,0.0,0.0,11.0
1182,10,4.873015873015873,8,6,0.005076142131979695,0.6,0.0,0.0,0.0,8.0
735,7,5.216216216216216,8,14,0.01904761904761905,2.0,0.31111111111111106,0.13333333333333333,0.18666666666666668,15.0
709,9,4.152671755725191,7,5,0.007052186177715092,0.5555555555555556,0.0,0.0,0.0,7.0
717,11,4.929203539823009,13,19,0.026499302649930265,1.7272727272727273,0.36666666666666664,0.1,0.15714285714285714,20.0
663,5,4.184210526315789,6,6,0.00904977375565611,1.2,0.8333333333333334,0.16666666666666666,0.27777777777777773,6.0
974,9,5.104575163398692,10,11,0.011293634496919919,1.2222222222222223,0.0,0.0,0.0,16.0
955,14,5.074829931972789,6,11,0.011518324607329843,0.7857142857142857,0.0,0.0,0.0,13.0
1066,13,5.248447204968944,13,18,0.016885553470919325,1.3846153846153846,0.0,0.0,0.0,24.0
1669,12,4.93916349809886,10,14,0.008388256440982624,1.1666666666666667,0.0,0.0,0.0,17.0
1021,13,4.865030674846626,9,13,0.012732615083251714,1.0,0.0,0.0,0.0,15.0
1247,10,4.5813953488372094,8,18,0.014434643143544507,1.8,0.16666666666666666,0.05555555555555555,0.08333333333333333,18.0
1242,10,5.147368421052631,12,12,0.00966183574879227,1.2,0.0,0.0,0.0,15.0
2196,23,4.917142857142857,4,8,0.0036429872495446266,0.34782608695652173,0.0,0.0,0.0,10.0
960,10,5.1066666666666665,4,2,0.0020833333333333333,0.2,0.0,0.0,0.0,6.0
864,11,4.892086330935252,11,10,0.011574074074074073,0.9090909090909091,0.0,0.0,0.0,12.0
820,5,4.567375886524823,11,13,0.015853658536585366,2.6,0.0,0.0,0.0,15.0
1234,6,5.23404255319149,11,10,0.008103727714748784,1.6666666666666667,0.0,0.0,0.0,13.0
1326,9,5.284313725490196,4,5,0.003770739064856712,0.5555555555555556,0.09523809523809523,0.14285714285714285,0.1142857142857143,7.0
868,5,5.715447154471545,3,2,0.002304147465437788,0.4,0.0,0.0,0.0,3.0
757,4,5.243478260869566,9,11,0.01453104359313078,2.75,0.0,0.0,0.0,13.0
792,8,5.310924369747899,9,18,0.022727272727272728,2.25,0.3333333333333333,0.05555555555555555,0.09523809523809523,18.0
816,6,5.208,12,24,0.029411764705882353,4.0,0.2916666666666667,0.08333333333333333,0.12962962962962962,24.0
2176,11,5.011627906976744,5,9,0.004136029411764706,0.8181818181818182,0.0,0.0,0.0,13.0
746,8,4.226277372262774,8,8,0.010723860589812333,1.0,0.0,0.0,0.0,10.0
904,5,4.781456953642384,3,2,0.0022123893805309734,0.4,1.0,1.0,1.0,2.0
1542,10,4.751004016064257,9,9,0.005836575875486381,0.9,0.1,0.1,0.1,10.0
1297,14,4.671232876712328,13,24,0.018504240555127217,1.7142857142857142,0.0,0.0,0.0,25.0
693,6,4.730434782608696,7,8,0.011544011544011544,1.3333333333333333,0.0,0.0,0.0,9.0
809,6,5.375,5,8,0.009888751545117428,1.3333333333333333,0.05555555555555555,0.1111111111111111,0.07407407407407407,9.0
720,7,4.880341880341881,11,23,0.03194444444444444,3.2857142857142856,0.0,0.0,0.0,25.0
935,8,4.687898089171974,7,9,0.009625668449197862,1.125,0.0,0.0,0.0,12.0
1018,9,5.1572327044025155,14,18,0.01768172888015717,2.0,0.0,0.0,0.0,20.0
718,3,4.790909090909091,14,23,0.03203342618384401,7.666666666666667,0.0,0.0,0.0,25.0
888,7,5.1521739130434785,4,6,0.006756756756756757,0.8571428571428571,0.0,0.0,0.0,8.0
693,6,4.90990990990991,9,8,0.011544011544011544,1.3333333333333333,0.0,0.0,0.0,9.0
839,6,4.635714285714286,5,7,0.00834326579261025,1.1666666666666667,0.0,0.0,0.0,8.0
749,7,5.025210084033613,12,24,0.03204272363150868,3.4285714285714284,0.3466666666666666,0.08,0.13,25.0
1379,16,5.050228310502283,6,4,0.0029006526468455403,0.25,0.0,0.0,0.0,9.0
778,6,4.659090909090909,4,3,0.0038560411311053984,0.5,0.0,0.0,0.0,6.0
974,8,5.328671328671328,21,36,0.03696098562628337,4.5,0.0,0.0,0.0,38.0
727,8,4.957264957264957,13,22,0.030261348005502064,2.75,0.2608695652173913,0.043478260869565216,0.07453416149068323,23.0
870,5,5.3059701492537314,12,15,0.017241379310344827,3.0,0.7333333333333333,0.2,0.3142857142857143,15.0
1008,9,4.505747126436781,8,7,0.006944444444444444,0.7777777777777778,0.0,0.0,0.0,9.0
923,10,5.0979020979020975,13,18,0.01950162513542795,1.8,0.0,0.0,0.0,21.0
1238,6,4.767326732673268,9,9,0.007269789983844911,1.5,0.0,0.0,0.0,10.0
897,5,4.681818181818182,6,5,0.005574136008918618,1.0,0.0,0.0,0.0,9.0
1053,8,5.098159509202454,8,16,0.015194681861348529,2.0,0.1473684210526316,0.10526315789473684,0.12280701754385963,19.0
814,5,5.317073170731708,8,16,0.019656019656019656,3.2,0.23529411764705882,0.11764705882352941,0.1568627450980392,17.0
1368,13,4.944954128440367,10,16,0.011695906432748537,1.2307692307692308,0.0,0.0,0.0,17.0
1327,8,5.654255319148936,25,35,0.02637528259231349,4.375,0.07665505226480836,0.024390243902439025,0.03700588730025231,41.0
1027,8,4.9447852760736195,10,18,0.017526777020447908,2.25,0.0,0.0,0.0,19.0
764,8,4.752,12,23,0.030104712041884817,2.875,0.05333333333333333,0.08,0.064,25.0
911,8,4.98639455782313,9,14,0.015367727771679473,1.75,0.0,0.0,0.0,14.0
987,5,5.5,17,19,0.019250253292806486,3.8,0.008695652173913044,0.043478260869565216,0.014492753623188404,23.0
752,7,4.790322580645161,8,14,0.018617021276595744,2.0,0.0,0.0,0.0,15.0
801,6,4.809160305343512,5,5,0.006242197253433208,0.8333333333333334,0.0,0.0,0.0,6.0
879,14,4.63013698630137,2,2,0.0022753128555176336,0.14285714285714285,0.0,0.0,0.0,5.0
888,9,4.64625850340136,10,12,0.013513513513513514,1.3333333333333333,0.0,0.0,0.0,14.0
1695,14,4.854014598540146,14,24,0.01415929203539823,1.7142857142857142,0.0,0.0,0.0,26.0
871,5,4.529411764705882,10,11,0.012629161882893225,2.2,0.0,0.0,0.0,15.0
774,5,5.141666666666667,5,4,0.00516795865633075,0.8,0.0,0.0,0.0,5.0
1037,10,4.516666666666667,11,25,0.024108003857280617,2.5,0.12962962962962962,0.07407407407407407,0.09427609427609428,27.0
1424,15,4.337301587301587,6,6,0.004213483146067416,0.4,0.0,0.0,0.0,9.0
891,7,5.124087591240876,5,5,0.005611672278338945,0.7142857142857143,0.0,0.0,0.0,8.0
808,5,4.880597014925373,4,2,0.0024752475247524753,0.4,0.0,0.0,0.0,4.0
1268,14,4.794258373205742,14,24,0.01892744479495268,1.7142857142857142,0.0,0.0,0.0,27.0
842,6,4.955223880597015,6,5,0.0059382422802850355,0.8333333333333334,0.0,0.0,0.0,10.0
667,4,4.491228070175438,5,4,0.005997001499250375,1.0,0.0,0.0,0.0,5.0
852,8,4.4520547945205475,4,2,0.002347417840375587,0.25,0.0,0.0,0.0,3.0
1253,9,4.974874371859296,6,5,0.0039904229848363925,0.5555555555555556,0.0,0.0,0.0,6.0
858,6,5.057971014492754,9,14,0.016317016317016316,2.3333333333333335,0.35714285714285715,0.07142857142857142,0.11904761904761904,14.0
1409,13,4.752136752136752,10,14,0.0099361249112846,1.0769230769230769,0.2,0.06666666666666667,0.1,15.0
885,6,5.223880597014926,3,2,0.0022598870056497176,0.3333333333333333,0.0,0.0,0.0,5.0
1830,13,5.2831541218638,10,8,0.004371584699453552,0.6153846153846154,0.0,0.0,0.0,10.0
759,6,4.804878048780488,9,12,0.015810276679841896,2.0,0.0,0.0,0.0,14.0
1677,12,5.301587301587301,13,17,0.010137149672033392,1.4166666666666667,0.08771929824561403,0.05263157894736842,0.06578947368421052,19.0
1608,15,5.176706827309237,7,7,0.004353233830845771,0.4666666666666667,0.0,0.0,0.0,8.0
1032,7,4.786585365853658,17,27,0.02616279069767442,3.857142857142857,0.0,0.0,0.0,29.0
1182,13,5.005291005291006,22,32,0.02707275803722504,2.4615384615384617,0.0,0.0,0.0,32.0
1552,15,4.877952755905512,17,30,0.019329896907216496,2.0,0.0,0.0,0.0,32.0
1189,10,5.01063829787234,7,9,0.007569386038687973,0.9,0.0,0.0,0.0,11.0
930,10,5.435714285714286,2,1,0.001075268817204301,0.1,0.0,0.0,0.0,2.0
941,9,4.719745222929936,5,5,0.005313496280552604,0.5555555555555556,0.0,0.0,0.0,8.0
1117,8,4.916201117318436,14,17,0.01521933751119069,2.125,0.1375,0.05,0.07333333333333333,20.0
1393,14,4.845132743362832,5,4,0.002871500358937545,0.2857142857142857,0.0,0.0,0.0,4.0
722,6,5.220183486238532,10,10,0.013850415512465374,1.6666666666666667,0.09090909090909091,0.09090909090909091,0.09090909090909091,11.0
819,10,5.166666666666667,11,12,0.014652014652014652,1.2,0.0,0.0,0.0,14.0
1081,5,5.6075949367088604,3,3,0.0027752081406105457,0.6,0.25,0.25,0.25,4.0
1053,7,4.861271676300578,10,9,0.008547008547008548,1.2857142857142858,0.0,0.0,0.0,12.0
843,7,4.962686567164179,12,21,0.02491103202846975,3.0,0.2619047619047619,0.047619047619047616,0.08058608058608059,21.0
1143,9,5.211428571428572,14,25,0.021872265966754154,2.7777777777777777,0.25,0.038461538461538464,0.06666666666666667,26.0
1472,9,4.5436507936507935,8,7,0.004755434782608696,0.7777777777777778,0.0,0.0,0.0,8.0
934,11,4.8344370860927155,6,4,0.004282655246252677,0.36363636363636365,0.0,0.0,0.0,5.0
720,9,4.82051282051282,6,6,0.008333333333333333,0.6666666666666666,0.8333333333333334,0.3333333333333333,0.4761904761904761,6.0
1757,11,5.2894736842105265,5,4,0.0022766078542970974,0.36363636363636365,0.0,0.0,0.0,5.0
768,8,5.264957264957265,10,12,0.015625,1.5,0.0,0.0,0.0,14.0
2266,13,5.146892655367232,3,2,0.00088261253309797,0.15384615384615385,0.0,0.0,0.0,3.0
802,5,5.235772357723577,12,17,0.02119700748129676,3.4,0.4852941176470588,0.17647058823529413,0.25882352941176473,17.0
833,6,4.664285714285715,14,10,0.012004801920768308,1.6666666666666667,0.0,0.0,0.0,12.0
1177,10,4.802030456852792,7,6,0.005097706032285472,0.6,0.0,0.0,0.0,11.0
908,6,5.141843971631205,9,8,0.00881057268722467,1.3333333333333333,0.0,0.0,0.0,9.0
774,10,5.129310344827586,12,22,0.028423772609819122,2.2,0.0,0.0,0.0,23.0
979,8,5.129251700680272,18,19,0.01940755873340143,2.375,0.4333333333333333,0.1,0.1625,20.0
929,4,4.867549668874172,10,9,0.00968783638320775,2.25,0.0,0.0,0.0,11.0
905,9,4.798657718120805,11,12,0.013259668508287293,1.3333333333333333,0.0,0.0,0.0,12.0
794,7,4.569343065693431,5,5,0.006297229219143577,0.7142857142857143,0.8,0.4,0.5333333333333333,5.0
1194,13,4.863874345549738,11,22,0.018425460636515914,1.6923076923076923,0.3181818181818182,0.045454545454545456,0.07954545454545454,22.0
645,6,4.6,14,15,0.023255813953488372,2.5,0.0,0.0,0.0,18.0
936,6,4.56687898089172,5,6,0.00641025641025641,1.0,0.0,0.0,0.0,8.0
792,6,4.631578947368421,10,12,0.015151515151515152,2.0,0.0,0.0,0.0,13.0
691,6,4.40650406504065,12,16,0.023154848046309694,2.6666666666666665,0.11842105263157894,0.05263157894736842,0.0728744939271255,19.0
2094,16,5.294303797468355,8,9,0.004297994269340974,0.5625,0.0,0.0,0.0,10.0
1019,10,4.676300578034682,7,10,0.009813542688910697,1.0,0.0,0.0,0.0,12.0
1058,8,4.65934065934066,8,8,0.007561436672967864,1.0,0.0,0.0,0.0,10.0
685,8,4.6521739130434785,6,7,0.010218978102189781,0.875,0.0,0.0,0.0,10.0
2044,14,5.293929712460064,10,10,0.004892367906066536,0.7142857142857143,0.0,0.0,0.0,15.0
927,8,4.959183673469388,6,6,0.006472491909385114,0.75,0.0,0.0,0.0,9.0
764,8,4.6434108527131785,13,20,0.02617801047120419,2.5,0.0,0.0,0.0,23.0
1520,11,4.921810699588478,10,8,0.005263157894736842,0.7272727272727273,0.0,0.0,0.0,12.0
1024,11,5.1625,9,13,0.0126953125,1.1818181818181819,0.15555555555555553,0.06666666666666667,0.09333333333333334,15.0
741,9,4.915254237288136,10,15,0.020242914979757085,1.6666666666666667,0.0,0.0,0.0,17.0
794,3,5.008064516129032,4,3,0.003778337531486146,1.0,0.0,0.0,0.0,6.0
747,5,4.75206611570248,14,16,0.0214190093708166,3.2,0.0,0.0,0.0,17.0
1036,7,5.3949044585987265,9,15,0.01447876447876448,2.142857142857143,0.0,0.0,0.0,17.0
1017,17,4.344444444444444,9,9,0.008849557522123894,0.5294117647058824,0.0,0.0,0.0,13.0
677,6,4.35042735042735,12,14,0.0206794682422452,2.3333333333333335,0.0,0.0,0.0,15.0
829,2,5.6068376068376065,12,26,0.031363088057901084,13.0,0.0,0.0,0.0,31.0
903,4,5.661538461538462,6,6,0.006644518272425249,1.5,0.0,0.0,0.0,7.0
737,6,5.0,18,26,0.035278154681139755,4.333333333333333,0.14814814814814814,0.037037037037037035,0.05925925925925926,27.0
1103,12,5.0,7,8,0.007252946509519492,0.6666666666666666,0.0,0.0,0.0,11.0
859,11,5.12781954887218,15,17,0.01979045401629802,1.5454545454545454,0.0,0.0,0.0,19.0
1344,9,4.864485981308412,2,2,0.001488095238095238,0.2222222222222222,0.0,0.0,0.0,3.0
1036,13,4.963414634146342,7,5,0.004826254826254826,0.38461538461538464,0.0,0.0,0.0,6.0
861,8,4.81294964028777,9,8,0.009291521486643438,1.0,0.0,0.0,0.0,13.0
1922,14,5.156666666666666,12,14,0.007284079084287201,1.0,0.0,0.0,0.0,15.0
635,5,4.363636363636363,10,9,0.014173228346456693,1.8,0.0,0.0,0.0,10.0
2243,20,4.762162162162162,7,5,0.002229157378510923,0.25,0.0,0.0,0.0,7.0
1137,11,5.050561797752809,9,6,0.005277044854881266,0.5454545454545454,0.0,0.0,0.0,8.0
2275,16,4.864130434782608,7,14,0.006153846153846154,0.875,0.0,0.0,0.0,16.0
904,6,5.4411764705882355,6,7,0.007743362831858407,1.1666666666666667,0.0,0.0,0.0,9.0
716,5,4.913043478260869,5,4,0.00558659217877095,0.8,0.13333333333333333,0.2,0.16,5.0
1069,12,5.538961038961039,11,10,0.009354536950420954,0.8333333333333334,0.0,0.0,0.0,15.0
724,5,4.884955752212389,5,7,0.009668508287292817,1.4,0.0,0.0,0.0,9.0
659,5,4.558558558558558,10,12,0.018209408194233688,2.4,0.0,0.0,0.0,14.0
904,6,5.242857142857143,10,12,0.01327433628318584,2.0,0.0,0.0,0.0,14.0
1636,10,5.1857707509881426,11,12,0.007334963325183374,1.2,0.0,0.0,0.0,15.0
1544,13,4.52808988764045,6,5,0.003238341968911917,0.38461538461538464,0.0,0.0,0.0,7.0
866,3,4.935714285714286,18,33,0.03810623556581986,11.0,0.0,0.0,0.0,34.0
870,9,5.287878787878788,9,9,0.010344827586206896,1.0,0.0,0.0,0.0,10.0
739,6,4.948275862068965,10,9,0.012178619756427604,1.5,0.0,0.0,0.0,14.0
747,7,4.766666666666667,7,6,0.008032128514056224,0.8571428571428571,0.0,0.0,0.0,9.0
948,8,4.947368421052632,12,12,0.012658227848101266,1.5,0.0,0.0,0.0,15.0
796,5,5.05,5,4,0.005025125628140704,0.8,0.0,0.0,0.0,7.0
928,7,4.986301369863014,6,7,0.007543103448275862,1.0,0.0,0.0,0.0,8.0
1094,10,4.185929648241206,12,14,0.012797074954296161,1.4,0.0,0.0,0.0,15.0
806,10,5.008,8,17,0.02109181141439206,1.7,0.12962962962962962,0.05555555555555555,0.07777777777777778,18.0
1365,9,4.747787610619469,12,15,0.01098901098901099,1.6666666666666667,0.0,0.0,0.0,17.0
886,7,5.246268656716418,15,28,0.03160270880361174,4.0,0.3095238095238095,0.07142857142857142,0.11607142857142858,28.0
835,11,4.661870503597123,8,11,0.013173652694610778,1.0,0.05333333333333334,0.06666666666666667,0.059259259259259255,15.0
920,7,5.357664233576642,7,9,0.009782608695652175,1.2857142857142858,0.0,0.0,0.0,11.0
967,9,4.882352941176471,11,8,0.008273009307135471,0.8888888888888888,0.0,0.0,0.0,10.0
1051,6,4.7542857142857144,2,1,0.0009514747859181732,0.16666666666666666,0.0,0.0,0.0,4.0
646,7,4.4774774774774775,6,6,0.009287925696594427,0.8571428571428571,0.0,0.0,0.0,7.0
793,6,4.75,6,7,0.008827238335435058,1.1666666666666667,0.0,0.0,0.0,7.0
1900,8,5.398576512455516,13,26,0.01368421052631579,3.25,0.0,0.0,0.0,27.0
1124,6,5.761006289308176,15,23,0.020462633451957295,3.8333333333333335,0.6086956521739131,0.13043478260869565,0.21483375959079284,23.0
911,9,5.201438848920863,8,16,0.01756311745334797,1.7777777777777777,0.0,0.0,0.0,19.0
1422,8,5.464114832535885,11,16,0.011251758087201125,2.0,0.0,0.0,0.0,18.0
1389,8,5.509803921568627,8,20,0.014398848092152628,2.5,0.35,0.1,0.15555555555555553,20.0
1048,10,4.832369942196531,13,23,0.02194656488549618,2.3,0.0,0.0,0.0,25.0
678,5,4.418803418803419,9,6,0.008849557522123894,1.2,0.0,0.0,0.0,9.0
1319,15,5.067961165048544,7,6,0.004548900682335102,0.4,0.0,0.0,0.0,8.0
940,5,4.496598639455782,9,9,0.009574468085106383,1.8,0.0,0.0,0.0,13.0
1027,19,5.146496815286624,4,9,0.008763388510223954,0.47368421052631576,0.0,0.0,0.0,10.0
846,9,4.605633802816901,8,17,0.02009456264775414,1.8888888888888888,0.35294117647058826,0.058823529411764705,0.10084033613445377,17.0
1362,7,4.954337899543379,8,5,0.003671071953010279,0.7142857142857143,0.0,0.0,0.0,7.0
1035,7,5.232704402515723,3,2,0.001932367149758454,0.2857142857142857,0.5,0.5,0.5,2.0
802,6,5.040322580645161,9,14,0.017456359102244388,2.3333333333333335,0.0,0.0,0.0,17.0
1205,11,4.653465346534653,10,11,0.009128630705394191,1.0,0.0,0.0,0.0,13.0
1102,12,4.695652173913044,8,8,0.007259528130671506,0.6666666666666666,0.0,0.0,0.0,9.0
659,5,4.603603603603603,8,9,0.013657056145675266,1.8,0.0,0.0,0.0,12.0
1493,11,5.256521739130434,11,25,0.016744809109176157,2.272727272727273,0.12,0.04,0.06,25.0
1168,7,5.386363636363637,17,18,0.015410958904109588,2.5714285714285716,0.0,0.0,0.0,19.0
713,5,4.837606837606837,12,12,0.016830294530154277,2.4,0.0,0.0,0.0,15.0
1062,11,5.005917159763314,9,13,0.01224105461393597,1.1818181818181819,0.15384615384615385,0.07692307692307693,0.10256410256410256,13.0
1426,8,5.536231884057971,10,9,0.006311360448807854,1.125,0.0,0.0,0.0,11.0
1096,10,4.090909090909091,8,12,0.010948905109489052,1.2,0.0,0.0,0.0,13.0
1412,10,4.8,10,13,0.009206798866855524,1.3,0.0,0.0,0.0,15.0
879,9,5.176470588235294,10,14,0.015927189988623434,1.5555555555555556,0.0,0.0,0.0,18.0
1302,10,4.8428571428571425,9,17,0.013056835637480798,1.7,0.0,0.0,0.0,17.0
2331,18,4.888020833333333,6,9,0.003861003861003861,0.5,0.0,0.0,0.0,10.0
1553,14,4.809523809523809,7,8,0.0051513200257566,0.5714285714285714,0.0,0.0,0.0,9.0
1249,8,4.698564593301436,8,7,0.005604483586869495,0.875,0.0,0.0,0.0,9.0
841,12,4.695652173913044,4,5,0.005945303210463734,0.4166666666666667,0.0,0.0,0.0,8.0
1130,11,4.142156862745098,6,4,0.0035398230088495575,0.36363636363636365,0.0,0.0,0.0,5.0
1171,10,4.565656565656566,11,22,0.018787361229718188,2.2,0.0,0.0,0.0,23.0
954,8,4.842105263157895,6,7,0.007337526205450734,0.875,0.0,0.0,0.0,13.0
1463,11,4.579365079365079,8,11,0.007518796992481203,1.0,0.15384615384615385,0.07692307692307693,0.10256410256410256,13.0
1139,8,4.622448979591836,5,5,0.004389815627743635,0.625,0.6,0.2,0.3,5.0
1055,8,5.423076923076923,3,2,0.0018957345971563982,0.25,0.0,0.0,0.0,3.0
1387,11,4.660944206008583,7,9,0.006488824801730353,0.8181818181818182,0.0,0.0,0.0,13.0
652,5,4.62962962962963,11,16,0.024539877300613498,3.2,0.0,0.0,0.0,17.0
1621,11,4.642857142857143,10,12,0.007402837754472548,1.0909090909090908,0.0,0.0,0.0,14.0
1637,17,5.188,7,9,0.005497861942577886,0.5294117647058824,0.0,0.0,0.0,11.0
1031,8,4.434065934065934,10,12,0.011639185257032008,1.5,0.0,0.0,0.0,15.0
869,9,4.517006802721088,16,17,0.019562715765247412,1.8888888888888888,0.0,0.0,0.0,18.0
695,9,4.681034482758621,11,10,0.014388489208633094,1.1111111111111112,0.0,0.0,0.0,10.0
976,6,4.689873417721519,12,34,0.03483606557377049,5.666666666666667,0.0,0.0,0.0,36.0
1649,15,4.855555555555555,7,8,0.004851425106124924,0.5333333333333333,0.0,0.0,0.0,12.0
851,2,5.464912280701754,26,27,0.03172737955346651,13.5,0.0,0.0,0.0,29.0
1167,8,4.636363636363637,8,7,0.005998286203941731,0.875,0.0,0.0,0.0,8.0
743,5,4.9421487603305785,7,8,0.010767160161507403,1.6,0.0,0.0,0.0,11.0
1276,9,4.263392857142857,11,9,0.007053291536050157,1.0,0.0,0.0,0.0,11.0
918,5,5.421875,6,5,0.0054466230936819175,1.0,0.0,0.0,0.0,8.0
702,5,4.669491525423729,7,8,0.011396011396011397,1.6,0.0,0.0,0.0,9.0
1548,11,5.190677966101695,7,12,0.007751937984496124,1.0909090909090908,0.0,0.0,0.0,14.0
772,7,4.282608695652174,6,5,0.006476683937823834,0.7142857142857143,0.0,0.0,0.0,7.0
1420,11,5.1506849315068495,9,5,0.0035211267605633804,0.45454545454545453,0.0,0.0,0.0,7.0
609,4,4.368932038834951,15,15,0.024630541871921183,3.75,0.0,0.0,0.0,18.0
776,12,4.811475409836065,14,19,0.024484536082474227,1.5833333333333333,0.325,0.05,0.08666666666666667,20.0
1088,6,5.325301204819277,10,9,0.008272058823529412,1.5,0.0,0.0,0.0,11.0
851,6,4.695035460992908,7,6,0.007050528789659225,1.0,0.0,0.0,0.0,8.0
817,5,5.104,14,8,0.009791921664626682,1.6,0.0,0.0,0.0,11.0
1121,7,5.097701149425287,13,18,0.016057091882247992,2.5714285714285716,0.3157894736842105,0.05263157894736842,0.09022556390977443,19.0
849,5,4.899280575539568,7,10,0.011778563015312132,2.0,0.0,0.0,0.0,11.0
987,10,4.365714285714286,16,14,0.014184397163120567,1.4,0.0,0.0,0.0,18.0
1671,11,4.712230215827338,15,14,0.008378216636744464,1.2727272727272727,0.0,0.0,0.0,17.0
1005,8,4.759036144578313,6,8,0.007960199004975124,1.0,0.16666666666666666,0.1111111111111111,0.13333333333333336,9.0
803,7,4.4,8,11,0.0136986301369863,1.5714285714285714,0.6363636363636364,0.2727272727272727,0.38181818181818183,11.0
1074,8,4.781609195402299,11,14,0.01303538175046555,1.75,0.0,0.0,0.0,16.0
792,5,5.35,6,6,0.007575757575757576,1.2,0.0,0.0,0.0,8.0
956,9,4.966666666666667,12,18,0.01882845188284519,2.0,0.16666666666666666,0.05555555555555555,0.08333333333333333,18.0
893,5,4.653333333333333,3,4,0.004479283314669653,0.8,0.0,0.0,0.0,5.0
1047,11,4.932515337423313,19,28,0.026743075453677174,2.5454545454545454,0.13333333333333333,0.03333333333333333,0.05333333333333334,30.0
1257,11,4.768115942028985,12,12,0.00954653937947494,1.0909090909090908,0.0,0.0,0.0,17.0
739,5,4.661290322580645,13,17,0.023004059539918808,3.4,0.0,0.0,0.0,18.0
1762,15,4.624573378839591,7,12,0.00681044267877412,0.8,0.23076923076923078,0.07692307692307693,0.11538461538461539,13.0
1289,8,4.886255924170616,6,7,0.005430566330488751,0.875,0.0,0.0,0.0,8.0
845,9,4.635714285714286,8,10,0.011834319526627219,1.1111111111111112,0.0,0.0,0.0,13.0
846,9,4.934306569343065,10,13,0.015366430260047281,1.4444444444444444,0.0,0.0,0.0,18.0
1097,7,4.884393063583815,13,11,0.010027347310847767,1.5714285714285714,0.0,0.0,0.0,15.0
1550,12,4.609022556390977,13,20,0.012903225806451613,1.6666666666666667,0.0,0.0,0.0,21.0
1216,11,4.782383419689119,13,15,0.012335526315789474,1.3636363636363635,0.0,0.0,0.0,16.0
806,10,4.906976744186046,14,24,0.02977667493796526,2.4,0.0,0.0,0.0,26.0
936,7,4.487804878048781,7,9,0.009615384615384616,1.2857142857142858,0.0,0.0,0.0,11.0
1145,8,5.2701149425287355,5,6,0.005240174672489083,0.75,0.0,0.0,0.0,10.0
799,7,4.7593984962406015,7,8,0.010012515644555695,1.1428571428571428,0.0,0.0,0.0,9.0
1530,14,4.605363984674329,14,16,0.01045751633986928,1.1428571428571428,0.29411764705882354,0.058823529411764705,0.0980392156862745,17.0
1273,9,4.88780487804878,9,7,0.0054988216810683424,0.7777777777777778,0.0,0.0,0.0,8.0
752,5,4.268656716417911,7,11,0.014627659574468085,2.2,0.0,0.0,0.0,11.0
994,10,4.699386503067485,8,13,0.013078470824949699,1.3,0.0,0.0,0.0,16.0
1588,14,5.484444444444445,24,24,0.015113350125944584,1.7142857142857142,0.0,0.0,0.0,24.0
1214,7,4.615763546798029,10,13,0.01070840197693575,1.8571428571428572,0.0,0.0,0.0,14.0
1263,11,4.683937823834197,7,4,0.003167062549485352,0.36363636363636365,0.0,0.0,0.0,6.0
985,9,4.746913580246914,8,11,0.01116751269035533,1.2222222222222223,0.0,0.0,0.0,12.0
1959,16,4.605341246290801,8,6,0.0030627871362940277,0.375,0.0,0.0,0.0,10.0
1509,13,5.632558139534884,4,4,0.0026507620941020544,0.3076923076923077,0.0,0.0,0.0,6.0
886,7,4.722972972972973,7,7,0.007900677200902935,1.0,0.0,0.0,0.0,9.0
1710,12,4.884892086330935,15,39,0.02280701754385965,3.25,0.2625,0.025,0.04565217391304348,40.0
949,9,4.509090909090909,14,25,0.026343519494204427,2.7777777777777777,0.0,0.0,0.0,27.0
692,7,4.466666666666667,5,7,0.010115606936416185,1.0,0.1875,0.125,0.15000000000000002,8.0
1126,9,4.41,9,10,0.008880994671403197,1.1111111111111112,0.0,0.0,0.0,12.0
809,7,4.770370370370371,12,19,0.023485784919653894,2.7142857142857144,0.5789473684210527,0.15789473684210525,0.2481203007518797,19.0
1953,11,5.541666666666667,14,19,0.00972862263184844,1.7272727272727273,0.0,0.0,0.0,25.0
992,9,4.632530120481928,11,17,0.017137096774193547,1.8888888888888888,0.0,0.0,0.0,18.0
669,10,4.495575221238938,2,2,0.0029895366218236174,0.2,0.0,0.0,0.0,4.0
936,7,5.35251798561151,7,5,0.005341880341880342,0.7142857142857143,0.0,0.0,0.0,12.0
1055,19,5.20625,10,8,0.007582938388625593,0.42105263157894735,0.0,0.0,0.0,11.0
1239,7,5.227513227513228,8,9,0.007263922518159807,1.2857142857142858,0.0,0.0,0.0,13.0
1661,10,5.057251908396947,7,7,0.004214328717639976,0.7,0.0,0.0,0.0,8.0
934,5,4.7594936708860756,7,8,0.008565310492505354,1.6,0.0,0.0,0.0,9.0
1319,11,4.730593607305936,21,33,0.025018953752843062,3.0,0.3333333333333333,0.09090909090909091,0.14285714285714285,33.0
788,4,4.957983193277311,15,25,0.031725888324873094,6.25,0.0,0.0,0.0,25.0
1227,10,5.369565217391305,11,9,0.007334963325183374,0.9,0.0,0.0,0.0,14.0
707,10,4.728813559322034,9,14,0.019801980198019802,1.4,0.0,0.0,0.0,14.0
706,7,4.894736842105263,7,8,0.0113314447592068,1.1428571428571428,0.1,0.1,0.1,10.0
709,8,4.26984126984127,13,17,0.023977433004231313,2.125,0.0,0.0,0.0,17.0
897,8,5.260869565217392,7,6,0.006688963210702341,0.75,0.0,0.0,0.0,10.0
974,9,4.449101796407185,11,14,0.014373716632443531,1.5555555555555556,0.0,0.0,0.0,16.0
1074,13,4.491891891891892,10,9,0.008379888268156424,0.6923076923076923,0.0,0.0,0.0,12.0
909,9,4.773333333333333,15,21,0.0231023102310231,2.3333333333333335,0.0,0.0,0.0,22.0
1255,10,4.3464912280701755,9,13,0.010358565737051793,1.3,0.0,0.0,0.0,16.0
1162,7,5.162921348314606,28,44,0.0378657487091222,6.285714285714286,0.3,0.022222222222222223,0.041379310344827586,45.0
1355,15,5.1913875598086126,16,21,0.015498154981549815,1.4,0.0,0.0,0.0,22.0
1155,8,4.553846153846154,13,15,0.012987012987012988,1.875,0.0,0.0,0.0,17.0
920,8,4.801369863013699,12,26,0.02826086956521739,3.25,0.0,0.0,0.0,27.0
1168,6,4.962962962962963,12,20,0.017123287671232876,3.3333333333333335,0.0,0.0,0.0,21.0
1233,5,4.925373134328358,8,8,0.006488240064882401,1.6,0.0,0.0,0.0,9.0
1698,15,5.022304832713755,9,6,0.0035335689045936395,0.4,0.0,0.0,0.0,11.0
1055,14,4.823529411764706,12,14,0.013270142180094787,1.0,0.0,0.0,0.0,16.0
1214,10,4.8,12,23,0.018945634266886325,2.3,0.0,0.0,0.0,24.0
1516,13,4.74015748031496,12,9,0.005936675461741424,0.6923076923076923,0.0,0.0,0.0,11.0
965,11,4.9935064935064934,0,0,0.0,0.0,0.0,0.0,0.0,1.0
794,9,5.074380165289257,7,15,0.018891687657430732,1.6666666666666667,0.0,0.0,0.0,15.0
771,7,4.864,8,12,0.01556420233463035,1.7142857142857142,0.10256410256410256,0.07692307692307693,0.0879120879120879,13.0
765,8,4.3893129770992365,4,8,0.01045751633986928,1.0,0.0,0.0,0.0,9.0
1973,11,5.416107382550336,12,19,0.00963000506842372,1.7272727272727273,0.3684210526315789,0.10526315789473684,0.16374269005847952,19.0
867,9,5.051470588235294,7,10,0.011534025374855825,1.1111111111111112,0.0,0.0,0.0,11.0
1167,7,4.746031746031746,10,9,0.007712082262210797,1.2857142857142858,0.0606060606060606,0.09090909090909091,0.07272727272727274,11.0
1332,13,4.88785046728972,3,2,0.0015015015015015015,0.15384615384615385,0.0,0.0,0.0,4.0
740,5,5.453703703703703,9,16,0.021621621621621623,3.2,0.0,0.0,0.0,16.0
986,10,4.871165644171779,7,5,0.005070993914807302,0.5,0.0,0.0,0.0,8.0
969,5,4.987179487179487,11,10,0.010319917440660475,2.0,0.0,0.0,0.0,15.0
1242,8,5.177083333333333,6,4,0.00322061191626409,0.5,0.0,0.0,0.0,7.0
2262,12,5.261363636363637,5,8,0.0035366931918656055,0.6666666666666666,0.0,0.0,0.0,10.0
862,9,5.181818181818182,18,20,0.02320185614849188,2.2222222222222223,0.11904761904761904,0.047619047619047616,0.06802721088435373,21.0
747,7,4.624,11,12,0.01606425702811245,1.7142857142857142,0.0,0.0,0.0,12.0
820,5,4.838461538461538,2,1,0.0012195121951219512,0.2,0.0,0.0,0.0,3.0
1290,8,5.333333333333333,5,4,0.0031007751937984496,0.5,0.3,0.2,0.24000000000000005,5.0
1632,11,5.228915662650603,5,6,0.003676470588235294,0.5454545454545454,0.0,0.0,0.0,7.0
1117,13,4.760869565217392,21,26,0.023276633840644583,2.0,0.0,0.0,0.0,32.0
813,6,5.319672131147541,3,4,0.004920049200492005,0.6666666666666666,0.13333333333333333,0.2,0.16,5.0
955,6,5.23448275862069,18,23,0.024083769633507852,3.8333333333333335,0.0,0.0,0.0,24.0
806,3,5.681034482758621,11,17,0.02109181141439206,5.666666666666667,0.29411764705882354,0.058823529411764705,0.0980392156862745,17.0
643,8,4.584905660377358,11,19,0.029548989113530325,2.375,0.0,0.0,0.0,21.0
1674,10,5.111111111111111,6,5,0.002986857825567503,0.5,0.0,0.0,0.0,12.0
774,6,5.032786885245901,8,16,0.020671834625323,2.6666666666666665,0.0,0.0,0.0,18.0
807,8,4.625,9,14,0.01734820322180917,1.75,0.0,0.0,0.0,15.0
1048,12,4.349462365591398,6,5,0.004770992366412214,0.4166666666666667,0.0,0.0,0.0,6.0
794,5,5.032258064516129,12,13,0.0163727959697733,2.6,0.0,0.0,0.0,14.0
857,6,4.7,8,8,0.009334889148191364,1.3333333333333333,0.0,0.0,0.0,13.0
1020,12,4.626436781609195,0,0,0.0,0.0,0.0,0.0,0.0,1.0
797,6,4.559701492537314,11,12,0.015056461731493099,2.0,0.0,0.0,0.0,14.0
947,6,5.55,5,3,0.0031678986272439284,0.5,0.25,0.25,0.25,4.0
835,6,4.742647058823529,0,0,0.0,0.0,0.0,0.0,0.0,3.0
1064,8,4.793103448275862,12,24,0.022556390977443608,3.0,0.0,0.0,0.0,26.0
788,6,4.485294117647059,5,4,0.005076142131979695,0.6666666666666666,0.0,0.0,0.0,6.0
1133,7,5.027624309392265,11,13,0.01147396293027361,1.8571428571428572,0.10714285714285714,0.07142857142857142,0.08571428571428573,14.0
1389,9,4.686098654708521,14,33,0.023758099352051837,3.6666666666666665,0.0,0.0,0.0,36.0
887,8,4.363636363636363,9,23,0.02593010146561443,2.875,0.0,0.0,0.0,23.0
697,7,4.571428571428571,17,24,0.03443328550932568,3.4285714285714284,0.6666666666666666,0.041666666666666664,0.0784313725490196,24.0
1028,7,4.963414634146342,9,11,0.010700389105058366,1.5714285714285714,0.041666666666666664,0.08333333333333333,0.05555555555555555,12.0
930,7,4.881944444444445,23,19,0.02043010752688172,2.7142857142857144,0.0,0.0,0.0,21.0
870,6,4.802816901408451,11,12,0.013793103448275862,2.0,0.0,0.0,0.0,13.0
1826,12,4.802013422818792,9,11,0.006024096385542169,0.9166666666666666,0.0,0.0,0.0,12.0
831,7,5.129032258064516,10,10,0.012033694344163659,1.4285714285714286,0.0,0.0,0.0,15.0
1415,10,4.5,11,11,0.0077738515901060075,1.1,0.0,0.0,0.0,14.0
924,9,4.585987261146497,17,18,0.01948051948051948,2.0,0.0,0.0,0.0,19.0
717,9,4.504065040650406,7,12,0.016736401673640166,1.3333333333333333,0.0,0.0,0.0,13.0
902,5,5.4728682170542635,5,7,0.007760532150776054,1.4,0.0,0.0,0.0,7.0
2171,11,4.962536023054755,6,8,0.0036849378166743437,0.7272727272727273,0.0,0.0,0.0,10.0
1371,12,5.522388059701493,8,9,0.006564551422319475,0.75,0.0,0.0,0.0,10.0
1003,8,5.09433962264151,10,24,0.023928215353938187,3.0,0.0,0.0,0.0,25.0
830,8,4.854014598540146,10,12,0.014457831325301205,1.5,0.0,0.0,0.0,16.0
930,9,4.525,7,6,0.0064516129032258064,0.6666666666666666,0.0,0.0,0.0,6.0
786,5,5.3559322033898304,15,15,0.019083969465648856,3.0,0.0,0.0,0.0,17.0
1020,9,4.951515151515151,7,8,0.00784313725490196,0.8888888888888888,0.0,0.0,0.0,11.0
1033,7,4.617977528089888,11,14,0.013552758954501452,2.0,0.5,0.07142857142857142,0.125,14.0
1025,9,5.043478260869565,6,9,0.00878048780487805,1.0,0.2222222222222222,0.2222222222222222,0.2222222222222222,9.0
976,8,4.885350318471337,8,7,0.007172131147540984,0.875,0.03636363636363637,0.09090909090909091,0.051948051948051945,11.0
1151,6,4.73936170212766,7,7,0.006081668114682885,1.1666666666666667,0.0,0.0,0.0,9.0
1381,14,5.271844660194175,4,2,0.001448225923244026,0.14285714285714285,0.0,0.0,0.0,3.0
817,8,4.823529411764706,7,8,0.009791921664626682,1.0,0.0,0.0,0.0,9.0
863,5,4.9496402877697845,9,12,0.013904982618771726,2.4,0.0,0.0,0.0,12.0
791,4,5.087301587301587,8,10,0.012642225031605562,2.5,0.0,0.0,0.0,13.0
1352,10,4.6347826086956525,10,19,0.014053254437869823,1.9,0.0,0.0,0.0,20.0
811,7,5.062992125984252,4,3,0.0036991368680641184,0.42857142857142855,0.0,0.0,0.0,5.0
1103,9,4.78021978021978,7,7,0.006346328195829556,0.7777777777777778,0.0,0.0,0.0,10.0
939,7,4.462962962962963,8,7,0.007454739084132056,1.0,0.0,0.0,0.0,9.0
749,6,4.564516129032258,12,29,0.03871829105473965,4.833333333333333,0.0,0.0,0.0,34.0
1162,8,4.814432989690721,13,23,0.019793459552495698,2.875,0.0,0.0,0.0,26.0
1022,6,4.975460122699387,9,9,0.008806262230919765,1.5,0.0,0.0,0.0,11.0
1124,17,4.666666666666667,17,27,0.02402135231316726,1.588235294117647,0.15476190476190474,0.03571428571428571,0.05803571428571429,28.0
647,5,4.133333333333334,9,9,0.013910355486862442,1.8,0.0,0.0,0.0,12.0
1074,8,4.459893048128342,9,10,0.00931098696461825,1.25,0.0,0.0,0.0,12.0
1566,11,5.05668016194332,10,21,0.013409961685823755,1.9090909090909092,0.0,0.0,0.0,23.0
1146,10,4.598958333333333,7,7,0.006108202443280977,0.7,0.0,0.0,0.0,9.0
1608,12,4.632575757575758,6,5,0.003109452736318408,0.4166666666666667,0.0,0.0,0.0,10.0
977,9,4.9480519480519485,7,12,0.012282497441146366,1.3333333333333333,0.0,0.0,0.0,14.0
862,10,4.506756756756757,13,23,0.02668213457076566,2.3,0.4782608695652174,0.08695652173913043,0.14715719063545152,23.0
1489,13,4.818181818181818,10,10,0.006715916722632639,0.7692307692307693,0.0,0.0,0.0,11.0
2654,20,5.067469879518073,11,10,0.0037678975131876413,0.5,0.0,0.0,0.0,12.0
1000,10,5.233766233766234,7,6,0.006,0.6,0.08333333333333333,0.125,0.1,8.0
843,7,5.271317829457364,10,15,0.017793594306049824,2.142857142857143,0.0,0.0,0.0,17.0
838,7,4.450704225352113,16,25,0.029832935560859187,3.5714285714285716,0.0,0.0,0.0,26.0
863,10,5.106870229007634,7,4,0.004634994206257242,0.4,0.1,0.2,0.13333333333333333,5.0
768,6,4.492537313432836,11,12,0.015625,2.0,0.0,0.0,0.0,15.0
1028,6,4.419889502762431,13,11,0.010700389105058366,1.8333333333333333,0.0,0.0,0.0,12.0
819,4,6.138888888888889,5,7,0.008547008547008548,1.75,0.0,0.0,0.0,11.0
1697,15,5.213740458015267,3,4,0.002357100766057749,0.26666666666666666,0.0,0.0,0.0,10.0
1340,13,4.9904761904761905,21,21,0.015671641791044775,1.6153846153846154,0.0,0.0,0.0,22.0
831,7,5.0,4,3,0.0036101083032490976,0.42857142857142855,0.0,0.0,0.0,4.0
1070,11,5.134146341463414,22,29,0.027102803738317756,2.6363636363636362,0.0,0.0,0.0,32.0
1474,13,4.771784232365145,11,16,0.010854816824966078,1.2307692307692308,0.0,0.0,0.0,17.0
805,7,4.614814814814815,6,5,0.006211180124223602,0.7142857142857143,0.0,0.0,0.0,9.0
669,9,4.633928571428571,9,19,0.028400597907324365,2.111111111111111,0.0,0.0,0.0,20.0
1187,6,5.096256684491979,6,8,0.006739679865206402,1.3333333333333333,0.0,0.0,0.0,9.0
1240,8,5.0717948717948715,12,10,0.008064516129032258,1.25,0.0,0.0,0.0,11.0
1064,9,4.526881720430108,0,0,0.0,0.0,0.0,0.0,0.0,2.0
1195,11,4.767676767676767,13,13,0.010878661087866108,1.1818181818181819,0.0,0.0,0.0,14.0
752,12,4.426356589147287,2,2,0.0026595744680851063,0.16666666666666666,0.0,0.0,0.0,5.0
926,8,4.645161290322581,6,6,0.0064794816414686825,0.75,0.0,0.0,0.0,6.0
1452,8,4.48015873015873,13,19,0.013085399449035813,2.375,0.0,0.0,0.0,21.0
1168,7,4.573604060913706,4,3,0.0025684931506849314,0.42857142857142855,0.0,0.0,0.0,5.0
1007,9,4.8875,4,6,0.005958291956305859,0.6666666666666666,0.0,0.0,0.0,9.0
1002,7,4.751515151515152,19,25,0.0249500998003992,3.5714285714285716,0.0,0.0,0.0,27.0
1151,9,5.275862068965517,2,1,0.0008688097306689834,0.1111111111111111,0.0,0.0,0.0,3.0
1125,11,4.456410256410257,10,9,0.008,0.8181818181818182,0.0,0.0,0.0,10.0
885,7,5.492063492063492,12,10,0.011299435028248588,1.4285714285714286,0.01111111111111111,0.06666666666666667,0.019047619047619046,15.0
1145,9,5.083333333333333,10,7,0.00611353711790393,0.7777777777777778,0.0,0.0,0.0,9.0
2139,13,4.834302325581396,10,13,0.006077606358111267,1.0,0.0,0.0,0.0,16.0
1545,14,4.923387096774194,8,10,0.006472491909385114,0.7142857142857143,0.0,0.0,0.0,11.0
653,4,4.541284403669724,7,4,0.006125574272588055,1.0,0.0,0.0,0.0,9.0
684,3,4.5,21,20,0.029239766081871343,6.666666666666667,0.0,0.0,0.0,25.0
1365,8,4.656521739130435,9,7,0.005128205128205128,0.875,0.0,0.0,0.0,9.0
950,9,4.838709677419355,10,29,0.030526315789473683,3.2222222222222223,0.0,0.0,0.0,29.0
1034,8,5.20125786163522,11,15,0.014506769825918761,1.875,0.0,0.0,0.0,16.0
898,12,4.72108843537415,6,5,0.005567928730512249,0.4166666666666667,0.0,0.0,0.0,7.0
1267,13,4.644549763033176,8,16,0.012628255722178374,1.2307692307692308,0.0,0.0,0.0,17.0
773,7,5.358974358974359,9,11,0.014230271668822769,1.5714285714285714,0.0,0.0,0.0,13.0
1428,11,5.088888888888889,9,8,0.0056022408963585435,0.7272727272727273,0.0,0.0,0.0,10.0
1072,8,4.941860465116279,9,20,0.018656716417910446,2.5,0.22222222222222218,0.09523809523809523,0.13333333333333336,21.0
1876,14,4.794117647058823,6,5,0.0026652452025586353,0.35714285714285715,0.0,0.0,0.0,5.0
808,8,4.796992481203008,11,19,0.023514851485148515,2.375,0.0,0.0,0.0,19.0
1495,12,4.9789915966386555,0,0,0.0,0.0,0.0,0.0,0.0,2.0
818,6,4.792592592592593,13,15,0.018337408312958436,2.5,0.0,0.0,0.0,18.0
736,7,5.419047619047619,5,10,0.01358695652173913,1.4285714285714286,0.0,0.0,0.0,12.0
1853,11,4.8172757475083055,6,3,0.0016189962223421479,0.2727272727272727,0.0,0.0,0.0,6.0
957,8,4.7974683544303796,17,26,0.027168234064785787,3.25,0.0,0.0,0.0,28.0
845,7,4.9338235294117645,12,15,0.01775147928994083,2.142857142857143,0.0,0.0,0.0,17.0
919,7,4.6265822784810124,14,24,0.026115342763873776,3.4285714285714284,0.11538461538461539,0.038461538461538464,0.057692307692307696,26.0
950,7,5.149659863945578,9,9,0.009473684210526316,1.2857142857142858,0.0,0.0,0.0,12.0
1302,11,4.773148148148148,7,8,0.006144393241167435,0.7272727272727273,0.0,0.0,0.0,9.0
709,6,4.614754098360656,9,10,0.014104372355430184,1.6666666666666667,0.0,0.0,0.0,11.0
958,10,5.392857142857143,18,24,0.025052192066805846,2.4,0.3923076923076923,0.11538461538461539,0.1783216783216783,26.0
1617,12,4.838345864661654,12,11,0.006802721088435374,0.9166666666666666,0.16666666666666666,0.08333333333333333,0.1111111111111111,12.0
708,8,4.271317829457364,6,9,0.012711864406779662,1.125,0.0,0.0,0.0,10.0
886,4,5.634920634920635,9,10,0.011286681715575621,2.5,0.0,0.0,0.0,10.0
832,7,4.538461538461538,9,11,0.013221153846153846,1.5714285714285714,0.0,0.0,0.0,14.0
890,6,4.64625850340136,13,21,0.02359550561797753,3.5,0.47619047619047616,0.09523809523809523,0.15873015873015872,21.0
2572,15,4.867647058823529,6,5,0.0019440124416796269,0.3333333333333333,0.08333333333333333,0.16666666666666666,0.1111111111111111,6.0
1075,11,5.464968152866242,14,15,0.013953488372093023,1.3636363636363635,0.0,0.0,0.0,16.0
748,6,4.8,11,20,0.026737967914438502,3.3333333333333335,0.16666666666666666,0.047619047619047616,0.07407407407407407,21.0
1186,9,5.265193370165746,6,5,0.0042158516020236085,0.5555555555555556,0.0,0.0,0.0,8.0
1193,13,4.67005076142132,16,18,0.015088013411567477,1.3846153846153846,0.0,0.0,0.0,20.0
700,8,4.842105263157895,0,0,0.0,0.0,0.0,0.0,0.0,4.0
1018,7,5.434210526315789,3,2,0.0019646365422396855,0.2857142857142857,0.0,0.0,0.0,3.0
781,10,4.161971830985915,13,29,0.03713188220230474,2.9,0.4,0.13333333333333333,0.2,30.0
1128,9,4.848648648648648,3,2,0.0017730496453900709,0.2222222222222222,0.0,0.0,0.0,3.0
1193,7,4.668341708542713,7,8,0.006705783738474434,1.1428571428571428,0.0,0.0,0.0,12.0
916,6,4.628378378378378,6,8,0.008733624454148471,1.3333333333333333,0.0,0.0,0.0,9.0
1661,15,4.696428571428571,15,15,0.009030704394942806,1.0,0.0,0.0,0.0,19.0
1223,11,4.91919191919192,8,7,0.005723630417007359,0.6363636363636364,0.0,0.0,0.0,10.0
871,12,4.470198675496689,0,0,0.0,0.0,0.0,0.0,0.0,3.0
835,7,4.673758865248227,7,5,0.005988023952095809,0.7142857142857143,0.0,0.0,0.0,9.0
1445,10,4.925764192139738,6,11,0.007612456747404845,1.1,0.0,0.0,0.0,14.0
1056,9,4.988235294117647,10,12,0.011363636363636364,1.3333333333333333,0.0,0.0,0.0,12.0
894,7,5.748031496062992,10,16,0.017897091722595078,2.2857142857142856,0.38235294117647056,0.058823529411764705,0.10196078431372549,17.0
764,7,5.398230088495575,8,9,0.011780104712041885,1.2857142857142858,0.0,0.0,0.0,11.0
934,6,4.80794701986755,5,8,0.008565310492505354,1.3333333333333333,0.0,0.0,0.0,9.0
724,8,4.420634920634921,9,8,0.011049723756906077,1.0,0.0,0.0,0.0,14.0
1964,18,4.28080229226361,10,13,0.006619144602851324,0.7222222222222222,0.0,0.0,0.0,16.0
1367,17,5.123222748815166,12,16,0.011704462326261888,0.9411764705882353,0.0,0.0,0.0,18.0
883,8,4.639455782312925,12,23,0.026047565118912798,2.875,0.0,0.0,0.0,26.0
1800,10,5.0,17,24,0.013333333333333334,2.4,0.0,0.0,0.0,24.0
813,7,5.046153846153846,5,7,0.008610086100861008,1.0,0.1875,0.125,0.15000000000000002,8.0
2501,11,5.431266846361186,9,13,0.005197920831667333,1.1818181818181819,0.0,0.0,0.0,14.0
755,5,5.0256410256410255,6,3,0.003973509933774834,0.6,0.0,0.0,0.0,5.0
830,7,4.72463768115942,10,13,0.01566265060240964,1.8571428571428572,0.06666666666666667,0.06666666666666667,0.06666666666666667,15.0
1283,14,5.668478260869565,2,2,0.001558846453624318,0.14285714285714285,0.0,0.0,0.0,4.0
755,6,4.792,12,11,0.01456953642384106,1.8333333333333333,0.0,0.0,0.0,12.0
885,4,4.727891156462585,8,7,0.007909604519774011,1.75,0.0,0.0,0.0,10.0
944,6,5.2592592592592595,8,6,0.006355932203389831,1.0,0.0,0.0,0.0,7.0
750,7,4.817391304347826,3,2,0.0026666666666666666,0.2857142857142857,0.0,0.0,0.0,3.0
648,5,4.415929203539823,7,6,0.009259259259259259,1.2,0.0,0.0,0.0,8.0
764,6,4.666666666666667,12,17,0.02225130890052356,2.8333333333333335,0.0,0.0,0.0,20.0
735,7,5.151785714285714,8,11,0.014965986394557823,1.5714285714285714,0.16666666666666666,0.08333333333333333,0.1111111111111111,12.0
658,4,4.4774774774774775,9,7,0.010638297872340425,1.75,0.0,0.0,0.0,11.0
903,13,4.7687074829931975,12,16,0.017718715393133997,1.2307692307692308,0.0,0.0,0.0,18.0
867,8,5.172932330827067,15,14,0.016147635524798153,1.75,0.2,0.06666666666666667,0.1,15.0
1137,7,5.033149171270718,6,12,0.010554089709762533,1.7142857142857142,0.3333333333333333,0.08333333333333333,0.13333333333333333,12.0
799,10,4.889763779527559,13,11,0.01376720901126408,1.1,0.0,0.0,0.0,12.0
1079,9,4.590163934426229,9,10,0.009267840593141797,1.1111111111111112,0.0,0.0,0.0,11.0
2097,21,4.706214689265536,0,0,0.0,0.0,0.0,0.0,0.0,2.0
935,7,4.469512195121951,6,10,0.0106951871657754,1.4285714285714286,0.0,0.0,0.0,10.0
800,5,5.112903225806452,18,22,0.0275,4.4,0.14615384615384616,0.038461538461538464,0.060897435897435896,26.0
781,5,4.8984375,19,17,0.02176696542893726,3.4,0.0,0.0,0.0,20.0
2650,15,5.016548463356974,9,12,0.004528301886792453,0.8,0.0,0.0,0.0,13.0
1466,10,4.8796680497925315,15,13,0.008867667121418827,1.3,0.0,0.0,0.0,17.0
775,9,4.7734375,5,8,0.01032258064516129,0.8888888888888888,0.2222222222222222,0.1111111111111111,0.14814814814814814,9.0
966,8,4.940397350993377,25,25,0.025879917184265012,3.125,0.0,0.0,0.0,27.0
865,6,4.871428571428571,18,18,0.020809248554913295,3.0,0.02631578947368421,0.05263157894736842,0.03508771929824561,19.0
896,6,4.903448275862069,8,7,0.0078125,1.1666666666666667,0.125,0.125,0.125,8.0
807,6,4.7611940298507465,4,3,0.0037174721189591076,0.5,0.0,0.0,0.0,5.0
848,8,5.022388059701493,14,12,0.014150943396226415,1.5,0.0,0.0,0.0,15.0
850,6,5.097014925373134,11,9,0.010588235294117647,1.5,0.0,0.0,0.0,16.0
1281,12,4.735849056603773,11,9,0.00702576112412178,0.75,0.0,0.0,0.0,12.0
1964,11,4.617647058823529,9,6,0.003054989816700611,0.5454545454545454,0.0,0.0,0.0,8.0
1756,12,5.039568345323741,7,12,0.00683371298405467,1.0,0.0,0.0,0.0,13.0
1217,10,5.205263157894737,5,4,0.003286770747740345,0.4,0.75,0.25,0.375,4.0
1235,9,4.955,4,2,0.0016194331983805667,0.2222222222222222,0.0,0.0,0.0,5.0
1123,10,4.788043478260869,8,14,0.012466607301869992,1.4,0.0,0.0,0.0,16.0
1144,6,5.170454545454546,7,7,0.006118881118881119,1.1666666666666667,0.0,0.0,0.0,11.0
933,9,4.6797385620915035,11,11,0.011789924973204717,1.2222222222222223,0.0,0.0,0.0,11.0
1244,10,4.521327014218009,10,17,0.013665594855305467,1.7,0.0,0.0,0.0,20.0
2081,12,4.829912023460411,16,30,0.014416146083613647,2.5,0.22580645161290322,0.03225806451612903,0.056451612903225805,31.0
1277,10,4.805825242718447,6,6,0.004698512137823023,0.6,0.0,0.0,0.0,6.0
782,7,4.548148148148148,10,12,0.015345268542199489,1.7142857142857142,0.0,0.0,0.0,15.0
724,5,4.629032258064516,15,21,0.029005524861878452,4.2,0.0,0.0,0.0,22.0
793,5,4.991869918699187,7,10,0.012610340479192938,2.0,0.2727272727272727,0.09090909090909091,0.13636363636363635,11.0
1518,13,4.645669291338582,10,12,0.007905138339920948,0.9230769230769231,0.0,0.0,0.0,15.0
933,6,4.58125,5,4,0.004287245444801715,0.6666666666666666,0.0,0.0,0.0,6.0
815,6,5.0703125,7,19,0.023312883435582823,3.1666666666666665,0.056818181818181816,0.045454545454545456,0.050505050505050504,22.0
888,11,4.555555555555555,8,11,0.012387387387387387,1.0,0.125,0.08333333333333333,0.10000000000000002,12.0
786,7,4.443609022556391,11,10,0.01272264631043257,1.4285714285714286,0.0,0.0,0.0,13.0
1040,11,4.728323699421965,8,7,0.006730769230769231,0.6363636363636364,0.0,0.0,0.0,9.0
766,6,4.6484375,8,8,0.010443864229765013,1.3333333333333333,0.0,0.0,0.0,9.0
756,7,4.991666666666666,10,12,0.015873015873015872,1.7142857142857142,0.0,0.0,0.0,15.0
697,6,4.317460317460317,4,3,0.00430416068866571,0.5,0.0,0.0,0.0,5.0
931,10,4.624203821656051,6,9,0.00966702470461869,0.9,0.0,0.0,0.0,11.0
887,4,5.2773722627737225,11,19,0.02142051860202931,4.75,0.0,0.0,0.0,20.0
882,7,4.487012987012987,11,12,0.013605442176870748,1.7142857142857142,0.0,0.0,0.0,14.0
2051,12,5.447019867549669,6,6,0.0029254022428083864,0.5,0.0,0.0,0.0,7.0
817,7,5.254098360655738,14,22,0.02692778457772338,3.142857142857143,0.5909090909090909,0.09090909090909091,0.1575757575757576,22.0
724,10,5.027027027027027,17,17,0.023480662983425413,1.7,0.0,0.0,0.0,19.0
862,9,5.0588235294117645,10,6,0.0069605568445475635,0.6666666666666666,0.0,0.0,0.0,8.0
1017,8,5.130434782608695,7,7,0.00688298918387414,0.875,0.0,0.0,0.0,8.0
1087,9,5.2,13,19,0.017479300827966882,2.111111111111111,0.0,0.0,0.0,23.0
884,12,5.441860465116279,9,15,0.016968325791855202,1.25,0.10416666666666666,0.0625,0.078125,16.0
760,4,4.878048780487805,11,12,0.015789473684210527,3.0,0.0,0.0,0.0,14.0
652,4,4.587155963302752,7,6,0.009202453987730062,1.5,0.0,0.0,0.0,10.0
1098,13,5.844594594594595,14,14,0.012750455373406194,1.0769230769230769,0.0,0.0,0.0,15.0
1065,8,5.233128834355829,5,8,0.007511737089201878,1.0,0.0,0.0,0.0,10.0
951,12,4.7894736842105265,12,14,0.014721345951629864,1.1666666666666667,0.0,0.0,0.0,18.0
1194,10,4.4236453201970445,6,5,0.0041876046901172526,0.5,0.0,0.0,0.0,7.0
1856,14,5.656603773584906,10,16,0.008620689655172414,1.1428571428571428,0.0,0.0,0.0,17.0
1187,9,4.8449197860962565,5,4,0.003369839932603201,0.4444444444444444,0.0,0.0,0.0,5.0
914,6,4.804054054054054,14,12,0.01312910284463895,2.0,0.0,0.0,0.0,13.0
1419,12,5.533980582524272,7,6,0.004228329809725159,0.5,0.0,0.0,0.0,9.0
874,8,4.496598639455782,10,10,0.011441647597254004,1.25,0.0,0.0,0.0,13.0
1887,16,4.743589743589744,13,27,0.014308426073131956,1.6875,0.0,0.0,0.0,30.0
1136,7,4.918918918918919,13,16,0.014084507042253521,2.2857142857142856,0.0,0.0,0.0,19.0
816,7,4.696969696969697,11,10,0.012254901960784314,1.4285714285714286,0.0,0.0,0.0,13.0
691,7,4.732142857142857,18,32,0.04630969609261939,4.571428571428571,0.21875,0.03125,0.0546875,32.0
736,6,4.6722689075630255,7,9,0.012228260869565218,1.5,0.0,0.0,0.0,12.0
864,7,5.043478260869565,9,12,0.013888888888888888,1.7142857142857142,0.0,0.0,0.0,12.0
876,7,5.410852713178294,11,14,0.01598173515981735,2.0,0.0,0.0,0.0,16.0
2874,14,5.673913043478261,4,4,0.0013917884481558804,0.2857142857142857,0.0,0.0,0.0,6.0
673,6,4.539130434782609,14,12,0.017830609212481426,2.0,0.0,0.0,0.0,15.0
925,7,5.109589041095891,6,12,0.012972972972972972,1.7142857142857142,0.0,0.0,0.0,13.0
744,5,4.9743589743589745,17,23,0.030913978494623656,4.6,0.17391304347826086,0.08695652173913043,0.11594202898550723,23.0
811,8,5.016260162601626,25,23,0.02836004932182491,2.875,0.0,0.0,0.0,24.0
898,4,4.608695652173913,8,10,0.011135857461024499,2.5,0.0,0.0,0.0,12.0
785,6,4.732824427480916,7,6,0.007643312101910828,1.0,0.0,0.0,0.0,9.0
770,7,4.466165413533835,7,25,0.032467532467532464,3.5714285714285716,0.0,0.0,0.0,26.0
1585,13,5.089795918367347,6,6,0.0037854889589905363,0.46153846153846156,0.0,0.0,0.0,8.0
690,7,4.637931034482759,7,5,0.007246376811594203,0.7142857142857143,0.0,0.0,0.0,6.0
1103,10,4.666666666666667,7,9,0.008159564823209429,0.9,0.0,0.0,0.0,10.0
1145,9,5.435294117647059,12,14,0.01222707423580786,1.5555555555555556,0.0,0.0,0.0,17.0
1276,10,4.685714285714286,10,19,0.014890282131661442,1.9,0.0,0.0,0.0,21.0
1038,9,5.019354838709678,8,10,0.009633911368015413,1.1111111111111112,0.0,0.0,0.0,11.0
1066,12,4.744318181818182,9,8,0.0075046904315197,0.6666666666666666,0.0,0.0,0.0,11.0
1699,11,4.970695970695971,11,19,0.011183048852266038,1.7272727272727273,0.0,0.0,0.0,22.0
1142,7,4.783783783783784,2,1,0.0008756567425569177,0.14285714285714285,0.0,0.0,0.0,4.0
1844,19,4.382978723404255,2,1,0.0005422993492407809,0.05263157894736842,0.0,0.0,0.0,2.0
1310,10,4.495495495495495,8,4,0.0030534351145038168,0.4,0.0,0.0,0.0,5.0
843,6,5.209302325581396,10,12,0.014234875444839857,2.0,0.0,0.0,0.0,16.0
990,12,5.5,6,6,0.006060606060606061,0.5,0.0,0.0,0.0,9.0
703,6,4.830357142857143,16,25,0.03556187766714083,4.166666666666667,0.0,0.0,0.0,27.0
958,7,4.715189873417722,4,3,0.003131524008350731,0.42857142857142855,0.0,0.0,0.0,5.0
856,5,4.902255639097745,9,11,0.012850467289719626,2.2,0.18181818181818182,0.09090909090909091,0.1212121212121212,11.0
1807,18,5.266423357664234,9,7,0.00387382401770891,0.3888888888888889,0.0,0.0,0.0,9.0
1313,8,5.324873096446701,5,4,0.0030464584920030465,0.5,0.0,0.0,0.0,5.0
830,7,4.557142857142857,13,12,0.014457831325301205,1.7142857142857142,0.0,0.0,0.0,13.0
1084,9,4.908571428571428,7,10,0.00922509225092251,1.1111111111111112,0.0,0.0,0.0,11.0
890,6,4.9020979020979025,12,13,0.014606741573033709,2.1666666666666665,0.0,0.0,0.0,15.0
1150,6,4.774869109947644,7,9,0.00782608695652174,1.5,0.0,0.0,0.0,11.0
1228,11,4.94300518134715,6,8,0.006514657980456026,0.7272727272727273,0.0,0.0,0.0,10.0
621,5,4.355140186915888,7,7,0.011272141706924315,1.4,0.0,0.0,0.0,9.0
834,6,4.824817518248175,7,7,0.008393285371702638,1.1666666666666667,0.0,0.0,0.0,8.0
1071,5,4.832369942196531,11,9,0.008403361344537815,1.8,0.0,0.0,0.0,10.0
1097,6,4.824858757062147,16,14,0.01276207839562443,2.3333333333333335,0.0,0.0,0.0,16.0
857,6,4.927007299270073,16,12,0.014002333722287048,2.0,0.0,0.0,0.0,14.0
676,6,4.530434782608696,7,7,0.010355029585798817,1.1666666666666667,0.0,0.0,0.0,8.0
837,6,5.083333333333333,8,7,0.008363201911589008,1.1666666666666667,0.0,0.0,0.0,8.0
818,7,4.58273381294964,13,13,0.01589242053789731,1.8571428571428572,0.0,0.0,0.0,16.0
1000,7,4.962264150943396,13,18,0.018,2.5714285714285716,0.17543859649122806,0.05263157894736842,0.08097165991902834,19.0
827,5,5.083969465648855,12,15,0.018137847642079808,3.0,0.0,0.0,0.0,17.0
870,6,5.050724637681159,7,8,0.009195402298850575,1.3333333333333333,0.0,0.0,0.0,9.0
720,8,5.035087719298246,15,16,0.022222222222222223,2.0,0.0,0.0,0.0,17.0
880,6,4.9496402877697845,5,5,0.005681818181818182,0.8333333333333334,0.0,0.0,0.0,6.0
768,9,4.861788617886178,12,12,0.015625,1.3333333333333333,0.0,0.0,0.0,13.0
1414,10,4.702479338842975,10,20,0.014144271570014143,2.0,0.18181818181818182,0.045454545454545456,0.07272727272727274,22.0
1297,8,5.125628140703518,11,10,0.007710100231303007,1.25,0.0,0.0,0.0,12.0
1105,8,4.515625,5,6,0.005429864253393665,0.75,0.0,0.0,0.0,7.0
1124,6,5.317647058823529,4,6,0.005338078291814947,1.0,0.05555555555555555,0.1111111111111111,0.07407407407407407,9.0
860,10,4.433333333333334,9,12,0.013953488372093023,1.2,0.0,0.0,0.0,15.0
1125,8,4.7,9,12,0.010666666666666666,1.5,0.3333333333333333,0.08333333333333333,0.13333333333333333,12.0
775,6,5.146341463414634,9,9,0.011612903225806452,1.5,0.4,0.1,0.16,10.0
802,7,4.746153846153846,9,11,0.01371571072319202,1.5714285714285714,0.07142857142857142,0.07142857142857142,0.07142857142857142,14.0
1524,10,4.834008097165992,13,19,0.012467191601049869,1.9,0.0,0.0,0.0,23.0
670,6,4.621621621621622,6,11,0.016417910447761194,1.8333333333333333,0.10256410256410256,0.07692307692307693,0.0879120879120879,13.0
1438,10,4.813559322033898,17,26,0.01808066759388039,2.6,0.0,0.0,0.0,30.0
1151,6,4.747368421052632,14,27,0.023457862728062554,4.5,0.0,0.0,0.0,29.0
1198,10,4.845360824742268,13,22,0.018363939899833055,2.2,0.0,0.0,0.0,24.0
832,6,5.28125,5,3,0.003605769230769231,0.5,0.3333333333333333,0.3333333333333333,0.3333333333333333,3.0
745,6,4.708333333333333,6,11,0.01476510067114094,1.8333333333333333,0.45454545454545453,0.09090909090909091,0.1515151515151515,11.0
748,3,5.0,12,16,0.0213903743315508,5.333333333333333,0.3235294117647059,0.11764705882352941,0.17254901960784313,17.0
826,7,5.644628099173554,2,1,0.0012106537530266344,0.14285714285714285,0.0,0.0,0.0,3.0
670,5,4.589285714285714,9,8,0.011940298507462687,1.6,0.0,0.0,0.0,10.0
1123,7,5.352941176470588,7,6,0.005342831700801425,0.8571428571428571,0.0,0.0,0.0,9.0
951,8,4.426829268292683,6,6,0.006309148264984227,0.75,0.0,0.0,0.0,7.0
842,5,4.912408759124087,10,11,0.013064133016627079,2.2,0.0,0.0,0.0,12.0
1240,13,4.73,2,1,0.0008064516129032258,0.07692307692307693,0.0,0.0,0.0,3.0
898,6,5.442748091603053,6,5,0.005567928730512249,0.8333333333333334,0.0,0.0,0.0,8.0
1053,14,5.0,16,28,0.026590693257359924,2.0,0.16091954022988503,0.034482758620689655,0.056795131845841784,29.0
1197,8,4.93298969072165,2,1,0.000835421888053467,0.125,0.0,0.0,0.0,4.0
1231,11,4.733990147783251,13,18,0.01462225832656377,1.6363636363636365,0.0,0.0,0.0,19.0
981,10,5.006410256410256,18,24,0.024464831804281346,2.4,0.0,0.0,0.0,27.0
863,5,4.402597402597403,13,18,0.02085747392815759,3.6,0.0,0.0,0.0,20.0
844,8,4.811594202898551,10,8,0.009478672985781991,1.0,0.0,0.0,0.0,11.0
784,10,5.056910569105691,12,11,0.01403061224489796,1.1,0.0,0.0,0.0,12.0
920,8,4.945945945945946,6,8,0.008695652173913044,1.0,0.125,0.125,0.125,8.0
1215,12,4.696078431372549,8,9,0.007407407407407408,0.75,0.0,0.0,0.0,14.0
1117,12,4.808743169398907,12,20,0.017905102954341987,1.6666666666666667,0.55,0.1,0.16923076923076924,20.0
656,7,4.473684210526316,12,10,0.01524390243902439,1.4285714285714286,0.0,0.0,0.0,13.0
851,9,5.176923076923077,10,16,0.01880141010575793,1.7777777777777777,0.0,0.0,0.0,16.0
1020,8,4.75,11,29,0.028431372549019607,3.625,0.0,0.0,0.0,31.0
931,7,4.9865771812080535,9,10,0.010741138560687433,1.4285714285714286,0.0,0.0,0.0,11.0
876,9,4.8321678321678325,10,14,0.01598173515981735,1.5555555555555556,0.0,0.0,0.0,15.0
1114,6,4.791443850267379,9,22,0.019748653500897665,3.6666666666666665,0.0,0.0,0.0,24.0
1142,9,4.864130434782608,9,10,0.008756567425569177,1.1111111111111112,0.0,0.0,0.0,12.0
923,7,4.816993464052287,8,11,0.011917659804983749,1.5714285714285714,0.0,0.0,0.0,13.0
1452,13,5.502325581395349,8,14,0.009641873278236915,1.0769230769230769,0.0,0.0,0.0,16.0
961,8,4.202247191011236,11,16,0.01664932362122789,2.0,0.0,0.0,0.0,20.0
690,8,4.555555555555555,10,22,0.03188405797101449,2.75,0.4090909090909091,0.13636363636363635,0.20454545454545456,22.0
793,8,4.413043478260869,7,6,0.007566204287515763,0.75,0.0,0.0,0.0,8.0
2055,16,5.043343653250774,15,16,0.007785888077858881,1.0,0.0,0.0,0.0,18.0
881,6,4.675675675675675,10,14,0.015891032917139614,2.3333333333333335,0.0,0.0,0.0,15.0
2834,19,5.594660194174757,6,5,0.0017642907551164433,0.2631578947368421,0.0,0.0,0.0,8.0
770,5,4.856,7,13,0.016883116883116882,2.6,0.0,0.0,0.0,15.0
895,6,4.846153846153846,12,9,0.01005586592178771,1.5,0.0,0.0,0.0,12.0
803,9,4.72093023255814,9,20,0.024906600249066,2.2222222222222223,0.0,0.0,0.0,21.0
1724,14,4.7612456747404845,10,13,0.0075406032482598605,0.9285714285714286,0.0,0.0,0.0,16.0
979,9,4.910256410256411,14,10,0.010214504596527068,1.1111111111111112,0.0,0.0,0.0,12.0
688,5,4.547008547008547,7,8,0.011627906976744186,1.6,0.0,0.0,0.0,10.0
1587,8,5.405063291139241,13,18,0.011342155009451797,2.25,0.0,0.0,0.0,20.0
939,9,5.068493150684931,11,41,0.043663471778487756,4.555555555555555,0.0,0.0,0.0,42.0
1219,11,5.079365079365079,13,17,0.01394585726004922,1.5454545454545454,0.0,0.0,0.0,20.0
862,5,4.764285714285714,11,17,0.019721577726218097,3.4,0.5882352941176471,0.17647058823529413,0.2714932126696833,17.0
1484,14,4.713147410358566,16,27,0.018194070080862535,1.9285714285714286,0.5555555555555556,0.037037037037037035,0.06944444444444445,27.0
1556,12,4.816733067729084,23,38,0.02442159383033419,3.1666666666666665,0.0,0.0,0.0,39.0
1001,9,4.641176470588236,6,5,0.004995004995004995,0.5555555555555556,0.0,0.0,0.0,8.0
868,6,4.574324324324325,17,20,0.02304147465437788,3.3333333333333335,0.0,0.0,0.0,21.0
978,9,5.510791366906475,5,7,0.007157464212678937,0.7777777777777778,0.0,0.0,0.0,10.0
1130,9,4.966850828729282,7,5,0.004424778761061947,0.5555555555555556,0.0,0.0,0.0,7.0
767,8,5.275862068965517,7,5,0.00651890482398957,0.625,0.0,0.0,0.0,9.0
1119,9,4.161764705882353,12,10,0.008936550491510277,1.1111111111111112,0.0,0.0,0.0,10.0
823,7,5.327868852459017,3,4,0.004860267314702308,0.5714285714285714,0.0,0.0,0.0,6.0
816,6,4.678832116788321,8,7,0.00857843137254902,1.1666666666666667,0.0,0.0,0.0,8.0
983,9,4.85,6,5,0.00508646998982706,0.5555555555555556,0.0,0.0,0.0,6.0
823,9,4.548611111111111,4,7,0.00850546780072904,0.7777777777777778,0.0,0.0,0.0,8.0
992,6,4.482954545454546,8,8,0.008064516129032258,1.3333333333333333,0.0,0.0,0.0,9.0
1171,9,4.579487179487179,6,4,0.0034158838599487617,0.4444444444444444,0.0,0.0,0.0,6.0
1246,9,4.914572864321608,8,9,0.0072231139646869984,1.0,0.0,0.0,0.0,12.0
902,8,5.124087591240876,13,10,0.011086474501108648,1.25,0.0,0.0,0.0,12.0
1484,12,4.545454545454546,14,13,0.00876010781671159,1.0833333333333333,0.0,0.0,0.0,16.0
1978,12,5.171140939597316,19,22,0.011122345803842264,1.8333333333333333,0.0,0.0,0.0,25.0
1111,9,4.713513513513513,4,6,0.0054005400540054005,0.6666666666666666,0.0,0.0,0.0,7.0
829,8,4.849624060150376,11,11,0.013268998793727383,1.375,0.0,0.0,0.0,12.0
894,8,4.887323943661972,12,11,0.012304250559284116,1.375,0.0,0.0,0.0,11.0
738,8,4.574803149606299,7,6,0.008130081300813009,0.75,0.0,0.0,0.0,6.0
1107,10,4.756756756756757,8,8,0.007226738934056007,0.8,0.0,0.0,0.0,12.0
734,6,4.702479338842975,0,0,0.0,0.0,0.0,0.0,0.0,2.0
1949,11,5.508650519031142,3,2,0.001026167265264238,0.18181818181818182,0.0,0.0,0.0,3.0
757,6,5.6923076923076925,4,5,0.0066050198150594455,0.8333333333333334,0.0,0.0,0.0,6.0
1003,2,5.608695652173913,20,31,0.03090727816550349,15.5,0.04,0.02857142857142857,0.033333333333333326,35.0
1169,6,5.222857142857142,9,15,0.01283147989734816,2.5,0.4,0.2,0.26666666666666666,15.0
1301,11,5.291457286432161,11,20,0.015372790161414296,1.8181818181818181,0.21428571428571427,0.047619047619047616,0.07792207792207792,21.0
1089,6,4.627777777777778,6,6,0.005509641873278237,1.0,0.0,0.0,0.0,10.0
1024,10,4.801204819277109,11,9,0.0087890625,0.9,0.0,0.0,0.0,9.0
1227,12,4.834170854271357,19,28,0.022819885900570498,2.3333333333333335,0.0,0.0,0.0,28.0
771,10,4.138686131386861,7,7,0.009079118028534372,0.7,0.0,0.0,0.0,11.0
767,5,5.076923076923077,6,5,0.00651890482398957,1.0,0.0,0.0,0.0,9.0
891,8,5.049295774647887,8,6,0.006734006734006734,0.75,0.0,0.0,0.0,8.0
968,15,5.079470198675497,9,11,0.011363636363636364,0.7333333333333333,0.0,0.0,0.0,14.0
1122,7,5.074712643678161,7,8,0.0071301247771836,1.1428571428571428,0.0,0.0,0.0,10.0
962,9,4.954545454545454,7,10,0.010395010395010396,1.1111111111111112,0.0,0.0,0.0,12.0
2330,19,4.644836272040302,16,31,0.013304721030042918,1.631578947368421,0.0,0.0,0.0,34.0
965,6,5.132450331125828,9,13,0.013471502590673576,2.1666666666666665,0.0,0.0,0.0,16.0
768,6,4.671875,20,47,0.061197916666666664,7.833333333333333,0.0,0.0,0.0,49.0
1216,9,5.3497267759562845,5,5,0.004111842105263158,0.5555555555555556,0.0,0.0,0.0,8.0
2573,19,5.14070351758794,7,6,0.002331908278274388,0.3157894736842105,0.0,0.0,0.0,7.0
1042,9,4.840236686390533,8,8,0.007677543186180422,0.8888888888888888,0.0,0.0,0.0,11.0
1516,14,5.136752136752137,3,5,0.0032981530343007917,0.35714285714285715,0.0,0.0,0.0,6.0
728,8,4.028985507246377,6,5,0.006868131868131868,0.625,0.0,0.0,0.0,7.0
1259,7,5.1179487179487175,18,16,0.012708498808578236,2.2857142857142856,0.0,0.0,0.0,17.0
871,6,5.947826086956522,9,7,0.008036739380022962,1.1666666666666667,0.0,0.0,0.0,8.0
984,8,4.801242236024844,7,11,0.011178861788617886,1.375,0.0,0.0,0.0,11.0
1028,8,4.831325301204819,9,13,0.01264591439688716,1.625,0.0,0.0,0.0,16.0
1222,16,4.588516746411483,9,8,0.006546644844517185,0.5,0.0,0.0,0.0,9.0
990,11,4.52906976744186,8,15,0.015151515151515152,1.3636363636363635,0.1372549019607843,0.058823529411764705,0.0823529411764706,17.0
1545,11,4.81496062992126,5,5,0.003236245954692557,0.45454545454545453,0.0,0.0,0.0,6.0
801,5,4.804511278195489,5,5,0.006242197253433208,1.0,0.0,0.0,0.0,7.0
1438,15,4.713692946058091,11,7,0.004867872044506259,0.4666666666666667,0.0,0.0,0.0,8.0
871,11,4.9640287769784175,7,11,0.012629161882893225,1.0,0.25,0.08333333333333333,0.125,12.0
1034,12,4.747058823529412,10,19,0.0183752417794971,1.5833333333333333,0.0,0.0,0.0,20.0
1231,9,4.718446601941747,14,13,0.010560519902518278,1.4444444444444444,0.0,0.0,0.0,14.0
1776,16,5.462121212121212,11,11,0.006193693693693694,0.6875,0.0,0.0,0.0,12.0
1226,7,4.928934010152284,11,25,0.020391517128874388,3.5714285714285716,0.0,0.0,0.0,28.0
690,7,4.6239316239316235,9,7,0.010144927536231883,1.0,0.0,0.0,0.0,8.0
1006,5,5.04375,9,19,0.018886679920477135,3.8,0.7368421052631579,0.10526315789473684,0.18421052631578946,19.0
801,8,4.455882352941177,8,8,0.009987515605493134,1.0,0.0,0.0,0.0,10.0
1200,9,4.541871921182266,8,7,0.005833333333333334,0.7777777777777778,0.0,0.0,0.0,11.0
792,7,4.617647058823529,9,17,0.021464646464646464,2.4285714285714284,0.0,0.0,0.0,17.0
839,8,4.733812949640288,9,12,0.014302741358760428,1.5,0.0,0.0,0.0,14.0
701,5,4.55,7,7,0.009985734664764621,1.4,0.0,0.0,0.0,8.0
867,8,5.1716417910447765,8,12,0.01384083044982699,1.5,0.23076923076923078,0.07692307692307693,0.11538461538461539,13.0
912,9,5.070422535211268,3,2,0.0021929824561403508,0.2222222222222222,0.0,0.0,0.0,6.0
1408,7,4.821739130434783,12,16,0.011363636363636364,2.2857142857142856,0.0,0.0,0.0,18.0
1087,11,4.457894736842105,12,16,0.014719411223551058,1.4545454545454546,0.0,0.0,0.0,20.0
1215,11,4.928571428571429,2,1,0.0008230452674897119,0.09090909090909091,0.25,0.5,0.3333333333333333,2.0
1374,11,4.725663716814159,8,16,0.011644832605531296,1.4545454545454546,0.0,0.0,0.0,18.0
887,7,5.093525179856115,8,10,0.011273957158962795,1.4285714285714286,0.0,0.0,0.0,12.0
873,6,4.956834532374101,9,14,0.016036655211912942,2.3333333333333335,0.15555555555555553,0.06666666666666667,0.09333333333333334,15.0
1583,16,4.635338345864661,4,3,0.0018951358180669614,0.1875,0.0,0.0,0.0,4.0
807,6,5.048387096774194,10,13,0.0161090458488228,2.1666666666666665,0.0,0.0,0.0,17.0
1057,7,5.29375,16,25,0.023651844843897825,3.5714285714285716,0.0,0.0,0.0,26.0
1116,7,4.688172043010753,14,23,0.02060931899641577,3.2857142857142856,0.2608695652173913,0.043478260869565216,0.07453416149068323,23.0
958,10,4.656050955414012,10,8,0.008350730688935281,0.8,0.0,0.0,0.0,9.0
1336,8,5.246305418719212,9,8,0.005988023952095809,1.0,0.0,0.0,0.0,9.0
1032,11,4.398907103825136,19,25,0.02422480620155039,2.272727272727273,0.0,0.0,0.0,27.0
1267,9,5.16751269035533,2,1,0.0007892659826361484,0.1111111111111111,0.0,0.0,0.0,2.0
834,6,4.73758865248227,12,12,0.014388489208633094,2.0,0.0,0.0,0.0,14.0
1473,8,4.958158995815899,12,19,0.012898845892735914,2.375,0.0,0.0,0.0,20.0
1352,8,4.748878923766816,21,34,0.02514792899408284,4.25,0.0,0.0,0.0,35.0
925,9,4.573248407643312,3,6,0.006486486486486486,0.6666666666666666,0.14285714285714285,0.14285714285714285,0.14285714285714285,7.0
1256,10,4.502347417840376,9,7,0.005573248407643312,0.7,0.0,0.0,0.0,9.0
780,8,4.7734375,10,14,0.017948717948717947,1.75,0.0,0.0,0.0,16.0
1665,13,5.0494296577946765,6,9,0.005405405405405406,0.6923076923076923,0.0,0.0,0.0,12.0
1630,14,5.554621848739496,9,10,0.006134969325153374,0.7142857142857143,0.0,0.0,0.0,11.0
753,8,4.57258064516129,8,15,0.0199203187250996,1.875,0.05555555555555555,0.05555555555555555,0.05555555555555555,18.0
897,7,4.777777777777778,6,3,0.0033444816053511705,0.42857142857142855,0.0,0.0,0.0,4.0
1017,5,6.266666666666667,3,4,0.003933136676499509,0.8,0.0,0.0,0.0,6.0
869,10,5.2556390977443606,15,16,0.018411967779056387,1.6,0.0,0.0,0.0,21.0
1318,6,4.601769911504425,3,2,0.0015174506828528073,0.3333333333333333,0.0,0.0,0.0,3.0
976,8,5.315436241610739,10,11,0.011270491803278689,1.375,0.0,0.0,0.0,13.0
1266,11,4.970443349753695,12,13,0.010268562401263823,1.1818181818181819,0.0,0.0,0.0,14.0
952,9,4.922077922077922,6,3,0.0031512605042016808,0.3333333333333333,0.0,0.0,0.0,4.0
1435,10,5.325581395348837,12,15,0.010452961672473868,1.5,0.046875,0.0625,0.05357142857142857,16.0
2684,17,4.945238095238095,22,22,0.00819672131147541,1.2941176470588236,0.0,0.0,0.0,23.0
1129,8,4.663157894736842,7,7,0.006200177147918512,0.875,0.0,0.0,0.0,9.0
816,7,4.430555555555555,5,9,0.011029411764705883,1.2857142857142858,0.0,0.0,0.0,12.0
668,8,4.651785714285714,5,8,0.011976047904191617,1.0,0.0,0.0,0.0,10.0
573,5,3.961904761904762,5,5,0.008726003490401396,1.0,0.0,0.0,0.0,5.0
1163,9,4.967567567567568,0,0,0.0,0.0,0.0,0.0,0.0,3.0
1189,9,4.880208333333333,7,8,0.00672834314550042,0.8888888888888888,0.0,0.0,0.0,10.0
703,7,4.910714285714286,9,19,0.02702702702702703,2.7142857142857144,0.14285714285714285,0.09523809523809523,0.1142857142857143,21.0
883,7,4.809859154929577,10,9,0.010192525481313703,1.2857142857142858,0.0,0.0,0.0,10.0
906,8,5.522388059701493,4,2,0.002207505518763797,0.25,0.0,0.0,0.0,7.0
2652,14,5.306172839506173,7,8,0.0030165912518853697,0.5714285714285714,0.0,0.0,0.0,10.0
736,9,5.103448275862069,2,1,0.001358695652173913,0.1111111111111111,0.0,0.0,0.0,2.0
772,6,4.966942148760331,10,14,0.018134715025906734,2.3333333333333335,0.3,0.06666666666666667,0.1090909090909091,15.0
935,10,4.746753246753247,7,5,0.0053475935828877,0.5,0.0,0.0,0.0,7.0
1885,14,4.805921052631579,16,17,0.009018567639257295,1.2142857142857142,0.3888888888888889,0.05555555555555555,0.09722222222222222,18.0
1107,7,5.2485549132947975,0,0,0.0,0.0,0.0,0.0,0.0,2.0
609,8,4.233644859813084,8,8,0.013136288998357963,1.0,0.16666666666666666,0.08333333333333333,0.1111111111111111,12.0
827,8,4.49645390070922,5,10,0.012091898428053204,1.25,0.0,0.0,0.0,12.0
740,5,4.688524590163935,13,12,0.016216216216216217,2.4,0.0,0.0,0.0,12.0
751,9,4.925619834710743,7,9,0.011984021304926764,1.0,0.0,0.0,0.0,11.0
750,8,5.172413793103448,0,0,0.0,0.0,0.0,0.0,0.0,2.0
1163,11,5.087431693989071,10,13,0.01117798796216681,1.1818181818181819,0.46153846153846156,0.07692307692307693,0.13186813186813187,13.0
843,8,5.122137404580153,2,1,0.0011862396204033216,0.125,0.0,0.0,0.0,4.0
1222,11,4.504761904761905,11,15,0.012274959083469721,1.3636363636363635,0.0,0.0,0.0,16.0
1236,7,4.94,9,10,0.008090614886731391,1.4285714285714286,0.0,0.0,0.0,12.0
1052,8,4.580110497237569,12,26,0.024714828897338403,3.25,0.0,0.0,0.0,29.0
1035,12,5.309677419354839,8,15,0.014492753623188406,1.25,0.4666666666666667,0.06666666666666667,0.11666666666666667,15.0
2163,17,4.768156424581005,5,4,0.0018492834026814608,0.23529411764705882,0.0,0.0,0.0,5.0
810,7,4.641221374045801,5,12,0.014814814814814815,1.7142857142857142,0.0,0.0,0.0,14.0
661,5,4.548672566371682,5,6,0.009077155824508321,1.2,0.0,0.0,0.0,7.0
846,8,4.671328671328672,9,7,0.008274231678486997,0.875,0.0,0.0,0.0,12.0
867,9,4.671232876712328,13,16,0.01845444059976932,1.7777777777777777,0.0,0.0,0.0,17.0
1175,14,4.668341708542713,2,1,0.000851063829787234,0.07142857142857142,0.0,0.0,0.0,3.0
1733,11,5.040441176470588,6,4,0.002308136180034622,0.36363636363636365,0.0,0.0,0.0,6.0
849,10,4.804347826086956,4,2,0.002355712603062426,0.2,0.0,0.0,0.0,4.0
797,8,5.522123893805309,5,4,0.005018820577164366,0.5,0.0,0.0,0.0,10.0
1024,11,4.385474860335195,10,9,0.0087890625,0.8181818181818182,0.0,0.0,0.0,12.0
791,6,4.992063492063492,10,8,0.010113780025284451,1.3333333333333333,0.0,0.0,0.0,9.0
1026,9,4.574712643678161,14,12,0.011695906432748537,1.3333333333333333,0.08333333333333333,0.08333333333333333,0.08333333333333333,12.0
782,6,4.687022900763359,7,12,0.015345268542199489,2.0,0.0,0.0,0.0,14.0
1036,9,4.627218934911243,11,14,0.013513513513513514,1.5555555555555556,0.0,0.0,0.0,17.0
751,9,4.7317073170731705,8,7,0.009320905459387484,0.7777777777777778,0.0,0.0,0.0,8.0
901,8,4.41875,10,18,0.01997780244173141,2.25,0.0,0.0,0.0,22.0
853,7,4.905109489051095,7,8,0.009378663540445486,1.1428571428571428,0.0,0.0,0.0,9.0
1047,10,4.85207100591716,8,5,0.004775549188156638,0.5,0.0,0.0,0.0,8.0
858,8,5.007407407407407,13,12,0.013986013986013986,1.5,0.0,0.0,0.0,16.0
903,5,4.516339869281046,6,7,0.007751937984496124,1.4,0.0,0.0,0.0,10.0
954,9,4.490909090909091,9,10,0.010482180293501049,1.1111111111111112,0.0,0.0,0.0,15.0
983,8,4.9423076923076925,15,22,0.022380467955239063,2.75,0.0,0.0,0.0,24.0
800,4,4.859375,11,17,0.02125,4.25,0.25,0.05555555555555555,0.09090909090909091,18.0
1060,7,4.964497041420119,4,6,0.005660377358490566,0.8571428571428571,0.0,0.0,0.0,7.0
1163,9,4.348039215686274,9,14,0.012037833190025795,1.5555555555555556,0.0,0.0,0.0,17.0
1066,13,4.456521739130435,15,16,0.0150093808630394,1.2307692307692308,0.0,0.0,0.0,17.0
1116,8,4.926966292134831,17,16,0.014336917562724014,2.0,0.0,0.0,0.0,20.0
746,6,5.066666666666666,9,10,0.013404825737265416,1.6666666666666667,0.303030303030303,0.18181818181818182,0.22727272727272727,11.0
1511,11,4.867768595041323,12,11,0.00727994705493051,1.0,0.0,0.0,0.0,12.0
720,14,4.2890625,10,21,0.029166666666666667,1.5,0.0,0.0,0.0,23.0
820,6,4.9765625,11,17,0.020731707317073172,2.8333333333333335,0.0,0.0,0.0,18.0
1543,11,5.020833333333333,15,20,0.012961762799740765,1.8181818181818181,0.5,0.05,0.09090909090909091,20.0
1074,9,4.862857142857143,13,13,0.012104283054003724,1.4444444444444444,0.0,0.0,0.0,15.0
978,8,4.923566878980892,10,10,0.010224948875255624,1.25,0.0,0.0,0.0,16.0
783,7,4.582089552238806,8,7,0.008939974457215836,1.0,0.0,0.0,0.0,8.0
791,7,4.7890625,14,16,0.020227560050568902,2.2857142857142856,0.0,0.0,0.0,17.0
1210,10,4.795918367346939,8,12,0.009917355371900827,1.2,0.0,0.0,0.0,13.0
741,7,4.983050847457627,11,17,0.022941970310391364,2.4285714285714284,0.0,0.0,0.0,19.0
976,13,4.3882352941176475,10,16,0.01639344262295082,1.2307692307692308,0.0,0.0,0.0,17.0
899,8,4.544871794871795,9,8,0.008898776418242492,1.0,0.0,0.0,0.0,11.0
702,6,4.647058823529412,8,8,0.011396011396011397,1.3333333333333333,0.0,0.0,0.0,12.0
847,7,4.5,11,13,0.015348288075560802,1.8571428571428572,0.0,0.0,0.0,13.0
1828,13,5.11660777385159,14,16,0.0087527352297593,1.2307692307692308,0.0,0.0,0.0,17.0
1142,13,4.911602209944752,8,13,0.01138353765323993,1.0,0.0,0.0,0.0,13.0
1190,6,5.031746031746032,2,1,0.0008403361344537816,0.16666666666666666,0.0,0.0,0.0,2.0
769,8,4.401515151515151,6,6,0.007802340702210663,0.75,0.0,0.0,0.0,8.0
925,8,4.686274509803922,6,6,0.006486486486486486,0.75,0.08333333333333333,0.125,0.1,8.0
1095,9,4.589189189189189,13,15,0.0136986301369863,1.6666666666666667,0.0,0.0,0.0,17.0
1282,10,4.65566037735849,11,31,0.02418096723868955,3.1,0.0,0.0,0.0,32.0
954,8,4.896774193548387,9,9,0.009433962264150943,1.125,0.075,0.1,0.08571428571428572,10.0
1128,5,5.726708074534161,7,10,0.008865248226950355,2.0,0.0,0.0,0.0,11.0
1089,10,4.655555555555556,10,10,0.009182736455463728,1.0,0.0,0.0,0.0,13.0
975,11,4.47093023255814,13,20,0.020512820512820513,1.8181818181818181,0.5,0.05,0.09090909090909091,20.0
1078,7,4.879310344827586,6,9,0.008348794063079777,1.2857142857142858,0.0,0.0,0.0,10.0
1755,20,5.1054545454545455,16,50,0.02849002849002849,2.5,0.34615384615384615,0.057692307692307696,0.09890109890109891,52.0
692,7,4.6869565217391305,15,14,0.02023121387283237,2.0,0.0,0.0,0.0,17.0
777,9,4.049645390070922,12,20,0.02574002574002574,2.2222222222222223,0.0,0.0,0.0,21.0
928,5,4.753246753246753,13,13,0.014008620689655173,2.6,0.0,0.0,0.0,15.0
1160,10,4.5879396984924625,17,26,0.022413793103448276,2.6,0.19047619047619047,0.03571428571428571,0.06015037593984962,28.0
1077,11,4.890804597701149,22,36,0.033426183844011144,3.272727272727273,0.2916666666666667,0.027777777777777776,0.05072463768115942,36.0
939,6,5.411347517730497,7,5,0.005324813631522897,0.8333333333333334,0.0,0.0,0.0,9.0
932,7,4.98,12,11,0.011802575107296138,1.5714285714285714,0.0,0.0,0.0,11.0
1138,9,4.701570680628272,7,10,0.008787346221441126,1.1111111111111112,0.05555555555555555,0.08333333333333333,0.06666666666666667,12.0
1218,11,5.378531073446328,20,32,0.026272577996715927,2.909090909090909,0.59375,0.125,0.20652173913043478,32.0
1066,8,4.646067415730337,15,19,0.017823639774859287,2.375,0.0,0.0,0.0,20.0
907,6,5.126760563380282,5,3,0.0033076074972436605,0.5,0.0,0.0,0.0,5.0
950,7,4.60248447204969,8,7,0.007368421052631579,1.0,0.25,0.125,0.16666666666666666,8.0
884,7,5.0285714285714285,12,25,0.02828054298642534,3.5714285714285716,0.0,0.0,0.0,26.0
868,7,4.652777777777778,2,1,0.001152073732718894,0.14285714285714285,0.0,0.0,0.0,2.0
930,11,4.575949367088608,5,4,0.004301075268817204,0.36363636363636365,0.0,0.0,0.0,8.0
842,12,4.590277777777778,9,9,0.010688836104513063,0.75,0.0,0.0,0.0,12.0
965,9,4.699386503067485,7,7,0.007253886010362694,0.7777777777777778,0.0,0.0,0.0,9.0
1775,9,5.053763440860215,12,17,0.009577464788732394,1.8888888888888888,0.0,0.0,0.0,20.0
823,4,5.198412698412699,11,15,0.018226002430133656,3.75,0.0,0.0,0.0,17.0
1228,14,5.371584699453552,6,9,0.007328990228013029,0.6428571428571429,0.0,0.0,0.0,12.0
2216,22,4.965811965811966,9,11,0.004963898916967509,0.5,0.0,0.0,0.0,14.0
775,9,4.638461538461539,10,12,0.015483870967741935,1.3333333333333333,0.0,0.0,0.0,14.0
708,4,4.546218487394958,5,5,0.007062146892655367,1.25,0.0,0.0,0.0,8.0
1271,10,4.694835680751174,8,7,0.0055074744295830055,0.7,0.0,0.0,0.0,10.0
1437,13,4.184905660377359,18,16,0.011134307585247043,1.2307692307692308,0.0,0.0,0.0,17.0
1284,11,4.923444976076555,7,15,0.011682242990654205,1.3636363636363635,0.3333333333333333,0.13333333333333333,0.19047619047619044,15.0
817,4,5.075757575757576,5,5,0.006119951040391677,1.25,0.0,0.0,0.0,8.0
902,5,4.854014598540146,31,34,0.037694013303769404,6.8,0.0,0.0,0.0,35.0
1055,7,4.87719298245614,16,15,0.014218009478672985,2.142857142857143,0.0,0.0,0.0,17.0
735,6,4.688,0,0,0.0,0.0,0.0,0.0,0.0,7.0
911,7,4.772413793103448,4,4,0.0043907793633369925,0.5714285714285714,0.0,0.0,0.0,7.0
1015,6,5.158227848101266,16,29,0.02857142857142857,4.833333333333333,0.5172413793103449,0.06896551724137931,0.12170385395537525,29.0
1904,12,4.677215189873418,9,7,0.003676470588235294,0.5833333333333334,0.0,0.0,0.0,8.0
959,8,4.780645161290322,16,24,0.02502606882168926,3.0,0.0,0.0,0.0,26.0
2104,15,4.710601719197708,9,15,0.007129277566539924,1.0,0.0,0.0,0.0,15.0
1222,17,5.01595744680851,13,15,0.012274959083469721,0.8823529411764706,0.0,0.0,0.0,15.0
1090,7,4.526315789473684,10,11,0.010091743119266056,1.5714285714285714,0.36363636363636365,0.09090909090909091,0.14545454545454548,11.0
1259,11,4.895522388059701,10,8,0.006354249404289118,0.7272727272727273,0.0,0.0,0.0,11.0
927,8,4.624203821656051,13,13,0.014023732470334413,1.625,0.0,0.0,0.0,14.0
784,5,5.633928571428571,9,17,0.021683673469387755,3.4,0.0,0.0,0.0,20.0
837,8,4.574468085106383,7,6,0.007168458781362007,0.75,0.0,0.0,0.0,8.0
877,11,4.942857142857143,11,17,0.019384264538198404,1.5454545454545454,0.09259259259259259,0.05555555555555555,0.06944444444444445,18.0
1563,12,5.004065040650406,11,17,0.010876519513755598,1.4166666666666667,0.0,0.0,0.0,19.0
737,6,4.9411764705882355,11,18,0.024423337856173677,3.0,0.0,0.0,0.0,20.0
2666,15,5.071942446043166,2,1,0.00037509377344336085,0.06666666666666667,0.0,0.0,0.0,3.0
1033,4,5.0182926829268295,6,5,0.00484027105517909,1.25,0.0,0.0,0.0,8.0
912,8,4.474683544303797,6,6,0.006578947368421052,0.75,0.0,0.0,0.0,9.0
1262,8,4.460829493087558,13,20,0.01584786053882726,2.5,0.0,0.0,0.0,21.0
957,5,4.4363636363636365,17,26,0.027168234064785787,5.2,0.0,0.0,0.0,30.0
777,6,4.877049180327869,6,9,0.011583011583011582,1.5,0.0,0.0,0.0,9.0
1058,7,5.197530864197531,14,14,0.013232514177693762,2.0,0.0,0.0,0.0,16.0
799,6,4.446043165467626,8,9,0.011264080100125156,1.5,0.0,0.0,0.0,11.0
1506,12,5.123404255319149,11,19,0.012616201859229747,1.5833333333333333,0.15873015873015872,0.047619047619047616,0.07326007326007326,21.0
1175,8,4.831578947368421,17,23,0.01957446808510638,2.875,0.0,0.0,0.0,26.0
1152,9,4.407960199004975,7,6,0.005208333333333333,0.6666666666666666,0.0,0.0,0.0,6.0
699,10,4.717948717948718,12,21,0.030042918454935622,2.1,0.5238095238095238,0.09523809523809523,0.16117216117216118,21.0
1609,12,5.050980392156863,8,9,0.005593536357986327,0.75,0.0,0.0,0.0,10.0
922,8,4.916666666666667,13,34,0.0368763557483731,4.25,0.0,0.0,0.0,35.0
1485,11,5.298245614035087,9,18,0.012121212121212121,1.6363636363636365,0.4444444444444444,0.1111111111111111,0.17777777777777778,18.0
1848,11,4.962837837837838,10,16,0.008658008658008658,1.4545454545454546,0.0,0.0,0.0,18.0
860,9,5.045112781954887,5,6,0.0069767441860465115,0.6666666666666666,0.16666666666666666,0.125,0.14285714285714285,8.0
731,6,5.034188034188034,15,30,0.04103967168262654,5.0,0.43333333333333335,0.06666666666666667,0.11555555555555556,30.0
1340,12,4.900473933649289,6,10,0.007462686567164179,0.8333333333333334,0.0,0.0,0.0,11.0
741,5,4.265151515151516,17,20,0.02699055330634278,4.0,0.0,0.0,0.0,21.0
917,14,4.519230769230769,8,15,0.016357688113413305,1.0714285714285714,0.10294117647058823,0.058823529411764705,0.0748663101604278,17.0
981,5,6.022388059701493,9,8,0.00815494393476045,1.6,0.0,0.0,0.0,9.0
1454,19,4.761316872427984,8,15,0.01031636863823934,0.7894736842105263,0.0,0.0,0.0,17.0
731,4,4.765217391304348,14,12,0.016415868673050615,3.0,0.0,0.0,0.0,15.0
899,6,4.528301886792453,6,8,0.008898776418242492,1.3333333333333333,0.0,0.0,0.0,11.0
1346,13,4.921296296296297,12,12,0.008915304606240713,0.9230769230769231,0.0,0.0,0.0,14.0
2546,13,5.302564102564102,12,18,0.007069913589945012,1.3846153846153846,0.0,0.0,0.0,19.0
1259,8,4.729857819905213,8,8,0.006354249404289118,1.0,0.0,0.0,0.0,9.0
1068,10,4.566666666666666,10,17,0.015917602996254682,1.7,0.0,0.0,0.0,18.0
1824,10,5.139285714285714,17,19,0.010416666666666666,1.9,0.0,0.0,0.0,23.0
964,7,5.253333333333333,5,4,0.004149377593360996,0.5714285714285714,0.5,0.25,0.3333333333333333,4.0
944,8,5.230769230769231,7,9,0.009533898305084746,1.125,0.0,0.0,0.0,12.0
710,7,4.826086956521739,8,6,0.008450704225352112,0.8571428571428571,0.0,0.0,0.0,7.0
1075,6,4.670329670329671,10,18,0.01674418604651163,3.0,0.5555555555555556,0.05555555555555555,0.10101010101010102,18.0
892,9,4.8125,6,13,0.014573991031390135,1.4444444444444444,0.38461538461538464,0.07692307692307693,0.1282051282051282,13.0
779,7,5.226890756302521,11,23,0.029525032092426188,3.2857142857142856,0.0,0.0,0.0,26.0
718,7,4.436507936507937,5,7,0.009749303621169917,1.0,0.0,0.0,0.0,8.0
743,10,4.5234375,8,7,0.009421265141318977,0.7,0.0,0.0,0.0,9.0
